user_id,signup_date,acquisition_channel,country
1000,2025-02-15,organic,Germany
1001,2025-02-04,google_ads,Italy
1002,2025-02-12,google_ads,Spain
1003,2025-02-03,google_ads,Spain
1004,2025-02-17,organic,Spain
1005,2025-02-02,facebook_ads,Italy
1006,2025-01-15,organic,Germany
1007,2025-01-17,facebook_ads,Italy
1008,2025-01-04,organic,Italy
1009,2025-01-03,google_ads,Germany
1010,2025-02-18,google_ads,Italy
1011,2025-01-29,facebook_ads,France
1012,2025-01-22,organic,Italy
1013,2025-02-04,organic,Germany
1014,2025-01-04,organic,Germany
1015,2025-01-12,google_ads,Spain
1016,2025-01-23,google_ads,Germany
1017,2025-01-16,google_ads,France
1018,2025-02-14,email,Spain
1019,2025-02-15,google_ads,Germany
1020,2025-01-07,organic,Germany
1021,2025-02-09,facebook_ads,Italy
1022,2025-01-02,google_ads,France
1023,2025-02-25,google_ads,Germany
1024,2025-02-26,organic,Spain
1025,2025-01-18,google_ads,Germany
1026,2025-02-23,organic,Germany
1027,2025-01-28,google_ads,Italy
1028,2025-01-04,facebook_ads,France
1029,2025-02-09,google_ads,Italy
1030,2025-01-12,google_ads,Germany
1031,2025-01-31,facebook_ads,Italy
1032,2025-01-15,facebook_ads,France
1033,2025-01-07,organic,Italy
1034,2025-02-08,organic,Spain
1035,2025-01-11,google_ads,Italy
1036,2025-01-02,organic,Germany
1037,2025-01-06,google_ads,Spain
1038,2025-02-16,organic,Germany
1039,2025-01-26,organic,Germany
1040,2025-02-05,google_ads,Italy
1041,2025-01-05,email,France
1042,2025-02-08,organic,Germany
1043,2025-01-13,organic,Italy
1044,2025-01-08,google_ads,Spain
1045,2025-01-14,google_ads,Italy
1046,2025-01-21,organic,Germany
1047,2025-02-02,organic,Germany
1048,2025-02-22,organic,Spain
1049,2025-02-15,organic,Spain
1050,2025-01-07,organic,Spain
1051,2025-02-10,google_ads,Germany
1052,2025-01-13,organic,Italy
1053,2025-02-19,google_ads,Germany
1054,2025-03-01,facebook_ads,France
1055,2025-01-15,google_ads,Italy
1056,2025-02-03,google_ads,Germany
1057,2025-02-16,google_ads,France
1058,2025-02-20,email,Spain
1059,2025-02-16,organic,Italy
1060,2025-01-19,google_ads,Spain
1061,2025-02-25,organic,Spain
1062,2025-01-04,facebook_ads,Germany
1063,2025-02-26,organic,Italy
1064,2025-02-15,facebook_ads,Italy
1065,2025-01-24,email,France
1066,2025-02-16,facebook_ads,Italy
1067,2025-01-15,organic,Spain
1068,2025-02-18,email,Italy
1069,2025-02-06,organic,Germany
1070,2025-02-26,organic,Spain
1071,2025-02-07,organic,Germany
1072,2025-01-10,google_ads,Germany
1073,2025-01-03,organic,Italy
1074,2025-02-18,facebook_ads,Italy
1075,2025-02-25,google_ads,France
1076,2025-01-24,google_ads,France
1077,2025-02-28,google_ads,Spain
1078,2025-01-09,google_ads,France
1079,2025-02-05,organic,France
1080,2025-01-08,organic,France
1081,2025-02-09,google_ads,Spain
1082,2025-01-06,organic,France
1083,2025-01-05,organic,Germany
1084,2025-01-22,google_ads,Germany
1085,2025-02-14,organic,Italy
1086,2025-01-18,email,Germany
1087,2025-02-10,organic,Italy
1088,2025-01-15,google_ads,Spain
1089,2025-01-29,organic,Germany
1090,2025-02-16,facebook_ads,Italy
1091,2025-02-19,facebook_ads,Spain
1092,2025-02-16,google_ads,Italy
1093,2025-01-27,google_ads,France
1094,2025-02-02,facebook_ads,Spain
1095,2025-02-12,google_ads,Spain
1096,2025-02-09,google_ads,Spain
1097,2025-01-02,facebook_ads,France
1098,2025-02-15,organic,France
1099,2025-01-26,organic,Germany
1100,2025-02-05,email,Spain
1101,2025-01-08,google_ads,France
1102,2025-01-20,google_ads,France
1103,2025-01-20,organic,France
1104,2025-02-11,google_ads,France
1105,2025-01-26,facebook_ads,France
1106,2025-01-07,google_ads,France
1107,2025-01-22,organic,Italy
1108,2025-01-17,organic,Spain
1109,2025-01-20,email,Spain
1110,2025-02-04,email,France
1111,2025-01-15,organic,Germany
1112,2025-01-03,google_ads,Italy
1113,2025-01-15,organic,France
1114,2025-01-18,organic,Italy
1115,2025-02-28,facebook_ads,Spain
1116,2025-01-08,organic,Spain
1117,2025-01-07,google_ads,France
1118,2025-01-04,organic,Spain
1119,2025-01-14,google_ads,France
1120,2025-02-22,organic,Spain
1121,2025-02-15,google_ads,Spain
1122,2025-01-28,organic,Spain
1123,2025-02-02,organic,France
1124,2025-02-02,organic,Italy
1125,2025-02-11,google_ads,Italy
1126,2025-02-18,google_ads,Spain
1127,2025-02-17,email,Italy
1128,2025-01-21,organic,Germany
1129,2025-01-08,organic,Germany
1130,2025-01-25,organic,France
1131,2025-01-17,google_ads,Italy
1132,2025-02-07,google_ads,Germany
1133,2025-02-06,organic,France
1134,2025-01-31,organic,France
1135,2025-01-15,organic,France
1136,2025-01-29,organic,Germany
1137,2025-03-01,organic,Germany
1138,2025-01-21,organic,Italy
1139,2025-02-01,facebook_ads,Italy
1140,2025-01-26,facebook_ads,Germany
1141,2025-01-03,facebook_ads,Germany
1142,2025-02-11,email,Spain
1143,2025-01-06,facebook_ads,Italy
1144,2025-01-06,email,Spain
1145,2025-02-09,email,Italy
1146,2025-01-30,facebook_ads,Spain
1147,2025-02-16,google_ads,France
1148,2025-02-27,facebook_ads,Germany
1149,2025-01-19,organic,Spain
1150,2025-02-11,facebook_ads,Spain
1151,2025-01-08,google_ads,Italy
1152,2025-01-18,organic,France
1153,2025-01-13,google_ads,Italy
1154,2025-02-09,facebook_ads,Italy
1155,2025-01-09,google_ads,Germany
1156,2025-01-03,google_ads,Italy
1157,2025-02-09,organic,Germany
1158,2025-01-14,email,France
1159,2025-01-25,organic,Spain
1160,2025-01-25,organic,Germany
1161,2025-02-23,organic,Italy
1162,2025-01-21,google_ads,France
1163,2025-02-25,google_ads,Germany
1164,2025-02-03,organic,Italy
1165,2025-01-19,organic,Italy
1166,2025-03-01,organic,Italy
1167,2025-02-22,email,Spain
1168,2025-01-03,organic,Italy
1169,2025-01-08,organic,Spain
1170,2025-01-08,organic,Germany
1171,2025-01-08,facebook_ads,Italy
1172,2025-01-30,facebook_ads,Italy
1173,2025-02-24,google_ads,France
1174,2025-02-03,organic,Spain
1175,2025-01-13,organic,Italy
1176,2025-02-10,google_ads,France
1177,2025-01-16,google_ads,France
1178,2025-01-05,google_ads,Italy
1179,2025-02-11,organic,Spain
1180,2025-01-21,google_ads,France
1181,2025-01-09,facebook_ads,France
1182,2025-01-18,email,Germany
1183,2025-02-16,organic,Germany
1184,2025-01-23,google_ads,Spain
1185,2025-02-06,google_ads,Italy
1186,2025-01-14,organic,Spain
1187,2025-01-12,email,France
1188,2025-02-20,facebook_ads,Germany
1189,2025-01-20,organic,Germany
1190,2025-02-10,facebook_ads,Italy
1191,2025-02-08,organic,Germany
1192,2025-02-17,organic,France
1193,2025-01-23,google_ads,Italy
1194,2025-02-14,organic,Italy
1195,2025-01-09,google_ads,France
1196,2025-01-07,facebook_ads,Germany
1197,2025-02-26,organic,Germany
1198,2025-02-19,organic,Italy
1199,2025-01-28,organic,France
1200,2025-01-21,google_ads,Italy
1201,2025-02-01,organic,Italy
1202,2025-01-31,organic,Germany
1203,2025-02-04,google_ads,France
1204,2025-02-11,google_ads,France
1205,2025-01-10,organic,Germany
1206,2025-02-28,facebook_ads,Spain
1207,2025-01-06,organic,France
1208,2025-02-28,facebook_ads,France
1209,2025-02-05,email,France
1210,2025-03-01,google_ads,Italy
1211,2025-02-24,google_ads,France
1212,2025-02-09,organic,France
1213,2025-01-23,organic,Germany
1214,2025-02-27,organic,Spain
1215,2025-02-11,organic,Germany
1216,2025-01-06,google_ads,Italy
1217,2025-01-09,organic,Germany
1218,2025-01-18,organic,Italy
1219,2025-01-06,email,Germany
1220,2025-01-19,organic,Spain
1221,2025-01-09,organic,France
1222,2025-01-24,facebook_ads,Germany
1223,2025-01-13,google_ads,Germany
1224,2025-01-23,organic,Germany
1225,2025-01-03,organic,France
1226,2025-02-08,organic,France
1227,2025-02-14,google_ads,Germany
1228,2025-01-16,google_ads,Spain
1229,2025-01-28,google_ads,Germany
1230,2025-02-28,facebook_ads,France
1231,2025-02-18,email,Germany
1232,2025-01-28,organic,Spain
1233,2025-01-04,email,France
1234,2025-02-28,google_ads,Spain
1235,2025-02-16,google_ads,Spain
1236,2025-02-07,organic,Germany
1237,2025-01-08,email,France
1238,2025-02-13,organic,Spain
1239,2025-01-06,email,Germany
1240,2025-01-23,google_ads,Germany
1241,2025-02-04,organic,Spain
1242,2025-01-02,organic,Italy
1243,2025-02-01,facebook_ads,France
1244,2025-02-13,organic,Spain
1245,2025-01-20,google_ads,France
1246,2025-01-23,organic,Italy
1247,2025-01-14,facebook_ads,France
1248,2025-01-14,facebook_ads,Italy
1249,2025-01-24,facebook_ads,Germany
1250,2025-01-16,facebook_ads,Spain
1251,2025-01-15,google_ads,Italy
1252,2025-02-27,email,Italy
1253,2025-01-12,facebook_ads,Italy
1254,2025-01-06,facebook_ads,Italy
1255,2025-02-14,facebook_ads,Italy
1256,2025-01-11,google_ads,Germany
1257,2025-01-14,facebook_ads,France
1258,2025-01-24,organic,Germany
1259,2025-01-25,google_ads,Italy
1260,2025-01-28,facebook_ads,Germany
1261,2025-02-03,facebook_ads,Italy
1262,2025-02-05,facebook_ads,Italy
1263,2025-01-27,organic,Italy
1264,2025-02-09,google_ads,France
1265,2025-02-10,organic,Italy
1266,2025-01-06,google_ads,France
1267,2025-01-16,facebook_ads,Germany
1268,2025-02-26,facebook_ads,Italy
1269,2025-01-17,organic,Spain
1270,2025-02-23,facebook_ads,Italy
1271,2025-01-01,organic,Italy
1272,2025-01-20,facebook_ads,France
1273,2025-01-24,facebook_ads,Italy
1274,2025-02-10,google_ads,France
1275,2025-02-25,organic,Germany
1276,2025-02-18,facebook_ads,Germany
1277,2025-02-17,organic,Spain
1278,2025-03-01,facebook_ads,France
1279,2025-03-01,facebook_ads,Germany
1280,2025-02-23,google_ads,Spain
1281,2025-01-30,facebook_ads,Germany
1282,2025-01-18,organic,Italy
1283,2025-01-16,google_ads,Spain
1284,2025-01-29,organic,France
1285,2025-02-21,google_ads,Italy
1286,2025-01-03,facebook_ads,France
1287,2025-01-14,facebook_ads,Italy
1288,2025-01-08,organic,Germany
1289,2025-02-05,facebook_ads,Italy
1290,2025-01-18,google_ads,Italy
1291,2025-02-12,facebook_ads,France
1292,2025-01-24,google_ads,France
1293,2025-02-12,facebook_ads,Spain
1294,2025-01-14,google_ads,France
1295,2025-02-24,facebook_ads,Germany
1296,2025-01-26,organic,France
1297,2025-01-21,google_ads,Germany
1298,2025-02-16,email,Italy
1299,2025-02-05,organic,Italy
1300,2025-02-02,google_ads,Spain
1301,2025-02-10,google_ads,Italy
1302,2025-01-19,organic,France
1303,2025-02-11,organic,Italy
1304,2025-01-04,email,Spain
1305,2025-02-27,email,Italy
1306,2025-02-14,google_ads,Italy
1307,2025-01-22,facebook_ads,France
1308,2025-01-24,google_ads,Spain
1309,2025-02-20,organic,Spain
1310,2025-01-17,google_ads,France
1311,2025-02-03,organic,Italy
1312,2025-01-03,google_ads,France
1313,2025-02-11,organic,Italy
1314,2025-02-08,google_ads,Germany
1315,2025-02-17,organic,Spain
1316,2025-01-07,email,Spain
1317,2025-01-25,organic,Spain
1318,2025-01-27,facebook_ads,Germany
1319,2025-01-29,google_ads,Germany
1320,2025-02-07,email,Italy
1321,2025-01-01,google_ads,Spain
1322,2025-02-13,email,Spain
1323,2025-02-14,organic,France
1324,2025-02-06,google_ads,Italy
1325,2025-02-18,facebook_ads,France
1326,2025-02-18,facebook_ads,Spain
1327,2025-02-18,google_ads,Germany
1328,2025-01-02,google_ads,Spain
1329,2025-01-30,facebook_ads,France
1330,2025-03-01,organic,Spain
1331,2025-02-27,google_ads,Italy
1332,2025-02-15,organic,Germany
1333,2025-02-12,organic,Germany
1334,2025-01-29,google_ads,Spain
1335,2025-01-04,organic,Spain
1336,2025-01-28,google_ads,Germany
1337,2025-01-05,email,Spain
1338,2025-02-01,google_ads,Italy
1339,2025-01-20,organic,Italy
1340,2025-02-23,google_ads,Italy
1341,2025-01-12,facebook_ads,Germany
1342,2025-02-20,facebook_ads,Spain
1343,2025-01-02,organic,Germany
1344,2025-01-02,facebook_ads,Spain
1345,2025-02-13,organic,France
1346,2025-02-10,organic,Italy
1347,2025-02-28,organic,Italy
1348,2025-02-21,email,Spain
1349,2025-01-15,organic,Spain
1350,2025-01-08,google_ads,Germany
1351,2025-02-12,organic,Spain
1352,2025-02-14,google_ads,Germany
1353,2025-02-17,google_ads,Spain
1354,2025-02-26,organic,Spain
1355,2025-01-09,facebook_ads,Spain
1356,2025-02-24,organic,Germany
1357,2025-02-07,facebook_ads,Italy
1358,2025-01-21,email,Germany
1359,2025-01-17,organic,Spain
1360,2025-01-10,google_ads,Germany
1361,2025-01-16,organic,France
1362,2025-02-23,facebook_ads,Italy
1363,2025-01-25,organic,Italy
1364,2025-02-19,google_ads,Italy
1365,2025-03-01,google_ads,Spain
1366,2025-02-23,google_ads,France
1367,2025-02-03,google_ads,Italy
1368,2025-01-20,facebook_ads,Germany
1369,2025-02-06,organic,Italy
1370,2025-02-01,organic,Spain
1371,2025-02-17,organic,Germany
1372,2025-02-28,organic,Italy
1373,2025-01-18,facebook_ads,Italy
1374,2025-01-24,google_ads,Germany
1375,2025-02-08,google_ads,Spain
1376,2025-01-16,facebook_ads,Italy
1377,2025-01-15,organic,France
1378,2025-01-20,organic,Spain
1379,2025-02-13,email,France
1380,2025-01-06,organic,Spain
1381,2025-01-26,facebook_ads,France
1382,2025-01-20,organic,Italy
1383,2025-02-01,email,Italy
1384,2025-02-09,facebook_ads,France
1385,2025-02-01,organic,France
1386,2025-01-23,organic,Spain
1387,2025-02-10,email,Spain
1388,2025-01-15,organic,Italy
1389,2025-01-10,organic,Spain
1390,2025-02-19,google_ads,Italy
1391,2025-02-13,organic,Germany
1392,2025-01-25,google_ads,France
1393,2025-01-06,organic,France
1394,2025-01-20,organic,Italy
1395,2025-02-22,organic,Spain
1396,2025-02-27,email,Italy
1397,2025-01-14,organic,France
1398,2025-01-25,organic,Germany
1399,2025-01-18,google_ads,Germany
1400,2025-01-12,organic,Germany
1401,2025-02-23,organic,Italy
1402,2025-02-22,organic,Italy
1403,2025-01-04,facebook_ads,Germany
1404,2025-01-03,organic,Germany
1405,2025-01-17,facebook_ads,Spain
1406,2025-02-25,organic,Germany
1407,2025-02-12,organic,France
1408,2025-03-01,google_ads,Spain
1409,2025-01-06,organic,France
1410,2025-01-05,google_ads,Germany
1411,2025-01-15,google_ads,Spain
1412,2025-02-23,organic,Germany
1413,2025-02-20,email,Italy
1414,2025-02-12,facebook_ads,France
1415,2025-01-09,google_ads,Germany
1416,2025-01-08,email,France
1417,2025-02-17,organic,Germany
1418,2025-01-25,organic,Italy
1419,2025-02-13,organic,Germany
1420,2025-02-26,facebook_ads,France
1421,2025-01-09,email,Germany
1422,2025-01-11,google_ads,Spain
1423,2025-02-19,google_ads,Germany
1424,2025-02-26,google_ads,Italy
1425,2025-03-01,facebook_ads,Spain
1426,2025-01-03,organic,Italy
1427,2025-01-08,google_ads,Spain
1428,2025-01-16,facebook_ads,Germany
1429,2025-02-08,organic,Spain
1430,2025-01-25,google_ads,Italy
1431,2025-02-15,organic,Spain
1432,2025-01-26,google_ads,Spain
1433,2025-02-24,organic,Spain
1434,2025-02-10,facebook_ads,Italy
1435,2025-02-12,organic,France
1436,2025-01-10,google_ads,Germany
1437,2025-02-05,email,Germany
1438,2025-01-11,google_ads,Spain
1439,2025-01-31,google_ads,France
1440,2025-02-08,organic,France
1441,2025-01-03,organic,Italy
1442,2025-01-21,organic,Italy
1443,2025-01-29,organic,France
1444,2025-01-11,facebook_ads,France
1445,2025-01-22,organic,Germany
1446,2025-01-31,email,Spain
1447,2025-01-03,facebook_ads,Italy
1448,2025-01-21,google_ads,Italy
1449,2025-01-27,organic,Spain
1450,2025-01-22,facebook_ads,Spain
1451,2025-01-26,facebook_ads,Germany
1452,2025-02-04,facebook_ads,France
1453,2025-01-04,google_ads,Germany
1454,2025-01-08,google_ads,Italy
1455,2025-02-26,google_ads,Spain
1456,2025-01-11,organic,Germany
1457,2025-02-27,google_ads,France
1458,2025-02-26,email,France
1459,2025-02-03,organic,Spain
1460,2025-01-22,google_ads,France
1461,2025-01-25,organic,Germany
1462,2025-02-12,facebook_ads,Germany
1463,2025-02-17,organic,Spain
1464,2025-02-21,facebook_ads,Italy
1465,2025-02-22,facebook_ads,Spain
1466,2025-02-26,organic,Germany
1467,2025-01-12,organic,Italy
1468,2025-02-06,google_ads,Italy
1469,2025-02-16,organic,France
1470,2025-02-24,facebook_ads,Germany
1471,2025-02-17,email,Germany
1472,2025-02-18,organic,Italy
1473,2025-02-02,organic,France
1474,2025-01-03,organic,Italy
1475,2025-01-12,facebook_ads,Italy
1476,2025-01-05,organic,Italy
1477,2025-02-14,facebook_ads,France
1478,2025-01-27,google_ads,Spain
1479,2025-01-21,organic,Germany
1480,2025-01-17,google_ads,Germany
1481,2025-02-13,organic,Spain
1482,2025-01-24,organic,France
1483,2025-02-25,facebook_ads,Spain
1484,2025-01-11,google_ads,France
1485,2025-01-06,organic,Germany
1486,2025-01-17,organic,Italy
1487,2025-02-16,organic,Italy
1488,2025-02-08,organic,Spain
1489,2025-02-18,organic,Germany
1490,2025-01-28,facebook_ads,France
1491,2025-01-28,facebook_ads,Italy
1492,2025-02-03,google_ads,Spain
1493,2025-02-18,facebook_ads,Italy
1494,2025-01-30,google_ads,Spain
1495,2025-01-26,google_ads,Germany
1496,2025-01-22,organic,Italy
1497,2025-02-03,google_ads,Spain
1498,2025-01-02,facebook_ads,France
1499,2025-02-28,google_ads,France
1500,2025-01-27,organic,France
1501,2025-02-28,organic,Germany
1502,2025-01-04,organic,Spain
1503,2025-01-18,facebook_ads,Germany
1504,2025-01-14,google_ads,France
1505,2025-01-20,google_ads,Italy
1506,2025-01-06,google_ads,France
1507,2025-01-24,facebook_ads,Germany
1508,2025-02-23,organic,France
1509,2025-02-03,google_ads,Italy
1510,2025-01-16,email,France
1511,2025-03-01,google_ads,France
1512,2025-01-31,facebook_ads,Italy
1513,2025-02-04,organic,Italy
1514,2025-01-20,google_ads,Italy
1515,2025-02-07,organic,Germany
1516,2025-01-12,organic,Spain
1517,2025-01-27,google_ads,Spain
1518,2025-01-24,google_ads,Spain
1519,2025-02-18,facebook_ads,Spain
1520,2025-01-02,organic,Spain
1521,2025-01-12,organic,Spain
1522,2025-01-16,organic,Germany
1523,2025-02-27,email,Italy
1524,2025-01-12,facebook_ads,Spain
1525,2025-03-01,organic,Germany
1526,2025-01-21,google_ads,Germany
1527,2025-01-11,facebook_ads,France
1528,2025-02-19,google_ads,Spain
1529,2025-02-01,google_ads,Germany
1530,2025-01-02,google_ads,Spain
1531,2025-01-21,facebook_ads,Spain
1532,2025-01-10,organic,Germany
1533,2025-01-16,google_ads,France
1534,2025-01-13,google_ads,Italy
1535,2025-01-07,organic,Italy
1536,2025-01-21,google_ads,France
1537,2025-01-27,facebook_ads,Spain
1538,2025-01-14,facebook_ads,Italy
1539,2025-02-11,email,Spain
1540,2025-02-02,organic,France
1541,2025-03-01,organic,Spain
1542,2025-01-05,google_ads,Italy
1543,2025-01-14,google_ads,France
1544,2025-02-14,organic,Spain
1545,2025-02-06,organic,Spain
1546,2025-01-02,facebook_ads,Germany
1547,2025-02-13,email,Germany
1548,2025-01-19,organic,Germany
1549,2025-01-01,facebook_ads,Spain
1550,2025-03-01,google_ads,France
1551,2025-01-30,organic,France
1552,2025-01-21,organic,Germany
1553,2025-01-03,google_ads,France
1554,2025-02-17,facebook_ads,Germany
1555,2025-02-14,organic,Italy
1556,2025-02-08,google_ads,Italy
1557,2025-01-27,organic,Spain
1558,2025-02-28,facebook_ads,France
1559,2025-01-03,google_ads,Spain
1560,2025-01-15,google_ads,Germany
1561,2025-02-14,facebook_ads,Germany
1562,2025-01-18,facebook_ads,Germany
1563,2025-02-14,organic,Germany
1564,2025-02-24,email,Italy
1565,2025-01-19,facebook_ads,France
1566,2025-01-05,email,Spain
1567,2025-01-31,organic,Italy
1568,2025-02-26,facebook_ads,Germany
1569,2025-02-03,email,Spain
1570,2025-02-03,facebook_ads,Spain
1571,2025-03-01,facebook_ads,Italy
1572,2025-02-16,facebook_ads,Italy
1573,2025-01-30,facebook_ads,Spain
1574,2025-01-07,organic,Spain
1575,2025-01-07,organic,Italy
1576,2025-01-20,google_ads,Germany
1577,2025-02-07,organic,Germany
1578,2025-02-12,organic,Germany
1579,2025-03-01,google_ads,Spain
1580,2025-02-01,email,France
1581,2025-01-21,organic,Italy
1582,2025-02-15,organic,Italy
1583,2025-01-15,organic,Italy
1584,2025-02-24,organic,Germany
1585,2025-02-28,organic,Italy
1586,2025-01-22,organic,Germany
1587,2025-02-18,facebook_ads,Italy
1588,2025-02-19,organic,France
1589,2025-01-06,facebook_ads,Germany
1590,2025-02-20,organic,France
1591,2025-02-23,google_ads,Germany
1592,2025-02-07,organic,Italy
1593,2025-01-17,organic,Germany
1594,2025-02-12,google_ads,Spain
1595,2025-02-22,email,Spain
1596,2025-02-25,email,Germany
1597,2025-02-22,organic,Spain
1598,2025-02-18,organic,Spain
1599,2025-01-23,organic,Spain
1600,2025-02-25,facebook_ads,Italy
1601,2025-02-09,google_ads,Spain
1602,2025-01-16,google_ads,France
1603,2025-02-04,facebook_ads,France
1604,2025-02-23,email,France
1605,2025-02-28,google_ads,Spain
1606,2025-02-06,email,Spain
1607,2025-01-02,google_ads,Germany
1608,2025-01-24,email,Germany
1609,2025-01-18,organic,France
1610,2025-01-19,organic,Italy
1611,2025-02-20,facebook_ads,Italy
1612,2025-01-10,organic,France
1613,2025-01-26,organic,Spain
1614,2025-01-31,facebook_ads,Italy
1615,2025-02-27,google_ads,Spain
1616,2025-02-11,google_ads,Germany
1617,2025-01-06,organic,France
1618,2025-02-12,organic,Spain
1619,2025-01-15,organic,Italy
1620,2025-01-22,email,France
1621,2025-01-06,facebook_ads,Spain
1622,2025-01-03,google_ads,Spain
1623,2025-01-04,organic,Germany
1624,2025-02-01,email,Spain
1625,2025-02-19,organic,Spain
1626,2025-01-06,google_ads,Spain
1627,2025-02-02,google_ads,Italy
1628,2025-01-23,facebook_ads,Spain
1629,2025-01-24,facebook_ads,Spain
1630,2025-03-01,facebook_ads,Spain
1631,2025-01-21,organic,Germany
1632,2025-01-05,google_ads,Spain
1633,2025-02-01,google_ads,France
1634,2025-01-07,facebook_ads,France
1635,2025-01-18,organic,Spain
1636,2025-01-03,facebook_ads,Spain
1637,2025-02-12,email,Germany
1638,2025-01-06,organic,Spain
1639,2025-01-14,facebook_ads,Germany
1640,2025-02-12,organic,Italy
1641,2025-01-27,organic,Italy
1642,2025-01-15,facebook_ads,Spain
1643,2025-01-24,organic,Italy
1644,2025-01-25,facebook_ads,Germany
1645,2025-01-27,organic,Italy
1646,2025-01-09,organic,France
1647,2025-01-07,organic,Spain
1648,2025-01-18,facebook_ads,Spain
1649,2025-01-14,facebook_ads,Spain
1650,2025-01-19,organic,Spain
1651,2025-01-09,google_ads,Italy
1652,2025-02-25,organic,Germany
1653,2025-02-05,google_ads,Italy
1654,2025-01-31,organic,Italy
1655,2025-01-25,email,Spain
1656,2025-03-01,organic,Italy
1657,2025-01-09,facebook_ads,Germany
1658,2025-01-09,facebook_ads,Spain
1659,2025-02-12,organic,France
1660,2025-01-26,google_ads,Spain
1661,2025-02-21,google_ads,Italy
1662,2025-02-21,google_ads,France
1663,2025-01-13,organic,Germany
1664,2025-01-29,email,Spain
1665,2025-01-16,organic,Italy
1666,2025-02-16,email,Spain
1667,2025-01-01,facebook_ads,Spain
1668,2025-01-28,google_ads,France
1669,2025-02-08,google_ads,France
1670,2025-01-15,organic,France
1671,2025-02-08,google_ads,Germany
1672,2025-01-03,email,Italy
1673,2025-02-28,google_ads,France
1674,2025-01-29,organic,Spain
1675,2025-01-17,organic,Germany
1676,2025-02-05,google_ads,France
1677,2025-01-16,organic,France
1678,2025-01-28,organic,Spain
1679,2025-02-06,google_ads,Germany
1680,2025-02-11,google_ads,Spain
1681,2025-02-03,email,France
1682,2025-02-04,facebook_ads,France
1683,2025-01-29,organic,Germany
1684,2025-02-13,organic,France
1685,2025-01-07,email,France
1686,2025-01-01,email,France
1687,2025-02-08,organic,Italy
1688,2025-02-26,facebook_ads,France
1689,2025-02-08,email,Italy
1690,2025-01-04,facebook_ads,Germany
1691,2025-01-22,email,Germany
1692,2025-02-05,email,France
1693,2025-02-07,facebook_ads,France
1694,2025-01-04,facebook_ads,Spain
1695,2025-02-04,facebook_ads,Italy
1696,2025-01-08,organic,France
1697,2025-02-19,facebook_ads,Germany
1698,2025-01-13,facebook_ads,France
1699,2025-02-02,google_ads,Spain
1700,2025-01-17,google_ads,Spain
1701,2025-01-09,google_ads,France
1702,2025-01-20,facebook_ads,France
1703,2025-02-22,organic,France
1704,2025-02-07,facebook_ads,France
1705,2025-01-20,organic,Italy
1706,2025-02-05,facebook_ads,Spain
1707,2025-01-08,organic,Spain
1708,2025-01-06,email,Spain
1709,2025-01-30,facebook_ads,Italy
1710,2025-01-09,facebook_ads,Spain
1711,2025-01-18,google_ads,France
1712,2025-02-07,google_ads,Germany
1713,2025-01-11,google_ads,Germany
1714,2025-02-15,organic,Italy
1715,2025-01-28,google_ads,Germany
1716,2025-01-20,google_ads,France
1717,2025-02-08,google_ads,Spain
1718,2025-03-01,google_ads,Spain
1719,2025-01-24,google_ads,Spain
1720,2025-02-05,facebook_ads,Italy
1721,2025-02-07,organic,Germany
1722,2025-01-01,google_ads,France
1723,2025-02-20,google_ads,Spain
1724,2025-02-13,organic,Germany
1725,2025-01-23,organic,France
1726,2025-03-01,organic,Italy
1727,2025-02-16,google_ads,Germany
1728,2025-02-22,organic,Germany
1729,2025-01-20,google_ads,Italy
1730,2025-02-25,google_ads,France
1731,2025-01-09,google_ads,Germany
1732,2025-02-12,organic,Germany
1733,2025-01-06,facebook_ads,Germany
1734,2025-01-28,google_ads,Italy
1735,2025-01-05,organic,Germany
1736,2025-02-09,organic,Germany
1737,2025-01-27,google_ads,Germany
1738,2025-01-12,organic,Spain
1739,2025-02-07,organic,Spain
1740,2025-02-03,organic,Germany
1741,2025-02-23,google_ads,Spain
1742,2025-02-11,google_ads,Spain
1743,2025-02-01,organic,Germany
1744,2025-01-14,google_ads,Italy
1745,2025-03-01,organic,Germany
1746,2025-02-12,google_ads,Italy
1747,2025-02-12,google_ads,Germany
1748,2025-02-18,facebook_ads,Spain
1749,2025-02-28,organic,France
1750,2025-02-15,email,Italy
1751,2025-01-31,facebook_ads,Germany
1752,2025-02-22,organic,Spain
1753,2025-01-10,organic,Germany
1754,2025-02-06,organic,Germany
1755,2025-02-23,email,France
1756,2025-02-13,facebook_ads,Germany
1757,2025-02-03,organic,Italy
1758,2025-01-18,facebook_ads,Italy
1759,2025-01-02,facebook_ads,Italy
1760,2025-01-27,organic,Italy
1761,2025-03-01,organic,Germany
1762,2025-01-17,facebook_ads,France
1763,2025-01-19,organic,Italy
1764,2025-01-17,organic,France
1765,2025-01-20,google_ads,Spain
1766,2025-01-06,organic,France
1767,2025-02-26,organic,Spain
1768,2025-01-26,organic,Italy
1769,2025-01-27,facebook_ads,Spain
1770,2025-01-18,organic,Italy
1771,2025-01-18,facebook_ads,Spain
1772,2025-01-23,google_ads,Germany
1773,2025-01-03,google_ads,Germany
1774,2025-02-06,facebook_ads,Germany
1775,2025-01-08,facebook_ads,Germany
1776,2025-01-28,organic,Spain
1777,2025-01-17,facebook_ads,France
1778,2025-02-28,facebook_ads,Italy
1779,2025-02-18,organic,Italy
1780,2025-01-12,facebook_ads,Spain
1781,2025-02-26,facebook_ads,France
1782,2025-01-25,google_ads,Spain
1783,2025-01-23,organic,Germany
1784,2025-02-24,facebook_ads,Italy
1785,2025-01-26,facebook_ads,Spain
1786,2025-01-12,google_ads,Spain
1787,2025-02-08,organic,Italy
1788,2025-01-21,google_ads,Germany
1789,2025-02-18,organic,Spain
1790,2025-02-06,google_ads,Spain
1791,2025-01-05,email,Spain
1792,2025-01-26,email,Germany
1793,2025-02-27,google_ads,France
1794,2025-02-22,organic,France
1795,2025-01-16,organic,France
1796,2025-02-23,organic,Germany
1797,2025-02-13,organic,France
1798,2025-02-12,facebook_ads,Germany
1799,2025-01-19,organic,Spain
1800,2025-01-27,email,Germany
1801,2025-02-13,facebook_ads,Germany
1802,2025-01-01,organic,Italy
1803,2025-02-26,google_ads,Germany
1804,2025-01-20,email,Germany
1805,2025-01-20,google_ads,France
1806,2025-01-07,organic,Germany
1807,2025-01-28,google_ads,France
1808,2025-01-27,facebook_ads,Spain
1809,2025-02-28,google_ads,France
1810,2025-01-22,organic,Italy
1811,2025-01-31,facebook_ads,Spain
1812,2025-02-01,facebook_ads,France
1813,2025-01-20,google_ads,Germany
1814,2025-02-12,google_ads,Spain
1815,2025-02-20,google_ads,Germany
1816,2025-01-23,facebook_ads,France
1817,2025-02-04,google_ads,Italy
1818,2025-01-07,organic,Italy
1819,2025-02-24,organic,Italy
1820,2025-01-27,organic,Spain
1821,2025-02-19,organic,France
1822,2025-02-28,email,Spain
1823,2025-01-03,organic,Spain
1824,2025-01-09,email,Spain
1825,2025-01-14,organic,Germany
1826,2025-02-10,organic,Spain
1827,2025-02-17,organic,France
1828,2025-01-08,facebook_ads,Italy
1829,2025-02-14,google_ads,Germany
1830,2025-01-01,google_ads,Italy
1831,2025-02-02,organic,Germany
1832,2025-01-21,organic,Germany
1833,2025-02-17,organic,France
1834,2025-02-01,organic,Italy
1835,2025-01-25,google_ads,Spain
1836,2025-02-20,organic,France
1837,2025-01-12,google_ads,Italy
1838,2025-02-16,email,Germany
1839,2025-02-26,organic,Spain
1840,2025-02-01,google_ads,Italy
1841,2025-01-15,facebook_ads,Spain
1842,2025-01-15,organic,Italy
1843,2025-02-02,facebook_ads,Spain
1844,2025-01-10,facebook_ads,Germany
1845,2025-01-28,organic,Spain
1846,2025-02-28,organic,Italy
1847,2025-01-27,organic,Spain
1848,2025-02-13,facebook_ads,Italy
1849,2025-02-27,google_ads,Italy
1850,2025-01-30,organic,Italy
1851,2025-01-25,google_ads,France
1852,2025-02-04,organic,Italy
1853,2025-01-16,facebook_ads,Spain
1854,2025-01-03,facebook_ads,Italy
1855,2025-02-01,organic,Italy
1856,2025-01-04,organic,Germany
1857,2025-01-19,google_ads,Spain
1858,2025-02-13,organic,Spain
1859,2025-01-28,facebook_ads,Spain
1860,2025-01-29,google_ads,Spain
1861,2025-02-27,facebook_ads,France
1862,2025-02-17,google_ads,France
1863,2025-02-27,google_ads,Italy
1864,2025-01-21,google_ads,Germany
1865,2025-02-09,organic,Spain
1866,2025-01-30,email,Spain
1867,2025-02-19,facebook_ads,Spain
1868,2025-01-25,organic,Italy
1869,2025-01-25,organic,Spain
1870,2025-02-15,google_ads,Italy
1871,2025-01-17,organic,Spain
1872,2025-02-08,organic,Spain
1873,2025-01-22,organic,Italy
1874,2025-02-26,organic,Spain
1875,2025-01-16,organic,Spain
1876,2025-01-24,organic,Spain
1877,2025-02-14,email,Italy
1878,2025-02-24,google_ads,France
1879,2025-01-15,organic,Spain
1880,2025-02-17,organic,Italy
1881,2025-02-26,google_ads,Germany
1882,2025-02-18,organic,Germany
1883,2025-02-28,organic,Spain
1884,2025-02-15,organic,France
1885,2025-02-23,facebook_ads,Germany
1886,2025-01-23,google_ads,Italy
1887,2025-01-13,organic,Italy
1888,2025-02-18,google_ads,Spain
1889,2025-01-13,organic,Spain
1890,2025-02-23,facebook_ads,France
1891,2025-02-07,email,Spain
1892,2025-02-26,email,France
1893,2025-01-12,organic,France
1894,2025-02-28,email,Italy
1895,2025-02-07,facebook_ads,Spain
1896,2025-01-09,facebook_ads,Spain
1897,2025-01-25,facebook_ads,Germany
1898,2025-01-17,organic,Spain
1899,2025-01-27,organic,Spain
1900,2025-01-21,google_ads,France
1901,2025-02-22,organic,Spain
1902,2025-02-24,facebook_ads,Spain
1903,2025-01-24,google_ads,Italy
1904,2025-02-02,facebook_ads,Italy
1905,2025-02-08,google_ads,Germany
1906,2025-02-25,facebook_ads,France
1907,2025-02-24,google_ads,Germany
1908,2025-02-04,organic,France
1909,2025-01-03,organic,Germany
1910,2025-02-11,facebook_ads,France
1911,2025-01-22,google_ads,Italy
1912,2025-02-08,organic,France
1913,2025-02-16,organic,Italy
1914,2025-01-12,organic,Spain
1915,2025-02-12,facebook_ads,Italy
1916,2025-01-31,organic,Italy
1917,2025-02-23,organic,Spain
1918,2025-01-14,google_ads,France
1919,2025-02-04,google_ads,Italy
1920,2025-01-11,google_ads,Germany
1921,2025-02-10,organic,France
1922,2025-02-05,email,Spain
1923,2025-02-15,google_ads,Spain
1924,2025-02-24,organic,Italy
1925,2025-02-26,facebook_ads,Germany
1926,2025-02-23,organic,France
1927,2025-01-11,google_ads,France
1928,2025-01-21,facebook_ads,Germany
1929,2025-02-17,organic,Spain
1930,2025-01-05,google_ads,Spain
1931,2025-01-09,google_ads,Italy
1932,2025-02-20,organic,Italy
1933,2025-02-23,google_ads,France
1934,2025-01-29,google_ads,Germany
1935,2025-01-06,facebook_ads,Italy
1936,2025-02-15,google_ads,Germany
1937,2025-02-16,google_ads,Italy
1938,2025-02-17,organic,France
1939,2025-01-20,organic,Germany
1940,2025-01-03,organic,France
1941,2025-02-02,organic,Italy
1942,2025-02-26,google_ads,France
1943,2025-02-10,organic,Spain
1944,2025-01-13,organic,Italy
1945,2025-01-24,organic,Spain
1946,2025-01-12,facebook_ads,Italy
1947,2025-02-10,email,Spain
1948,2025-02-02,organic,France
1949,2025-01-13,google_ads,Germany
1950,2025-02-05,email,France
1951,2025-01-28,organic,France
1952,2025-01-16,organic,France
1953,2025-01-30,organic,France
1954,2025-02-15,google_ads,France
1955,2025-01-10,organic,Germany
1956,2025-02-13,google_ads,Spain
1957,2025-01-13,google_ads,France
1958,2025-01-28,google_ads,France
1959,2025-01-05,google_ads,France
1960,2025-02-17,organic,Spain
1961,2025-02-28,google_ads,Spain
1962,2025-02-18,organic,Spain
1963,2025-02-04,organic,Italy
1964,2025-02-15,email,Germany
1965,2025-02-06,google_ads,Germany
1966,2025-02-07,organic,Italy
1967,2025-01-21,organic,Italy
1968,2025-02-26,organic,France
1969,2025-01-06,organic,Italy
1970,2025-02-21,facebook_ads,France
1971,2025-02-09,organic,Germany
1972,2025-02-03,google_ads,Germany
1973,2025-02-18,facebook_ads,Germany
1974,2025-02-27,organic,Germany
1975,2025-02-22,email,Spain
1976,2025-01-07,organic,Spain
1977,2025-01-21,google_ads,Italy
1978,2025-02-11,organic,France
1979,2025-02-21,google_ads,Spain
1980,2025-01-05,google_ads,Italy
1981,2025-02-01,google_ads,France
1982,2025-01-13,organic,Italy
1983,2025-01-13,google_ads,Spain
1984,2025-02-25,organic,Italy
1985,2025-02-18,email,Italy
1986,2025-01-26,email,Italy
1987,2025-01-02,email,Germany
1988,2025-01-07,facebook_ads,Spain
1989,2025-02-09,organic,Spain
1990,2025-01-13,organic,Spain
1991,2025-01-30,organic,Spain
1992,2025-02-24,google_ads,France
1993,2025-02-14,google_ads,France
1994,2025-02-18,organic,Spain
1995,2025-02-13,facebook_ads,Spain
1996,2025-02-18,organic,France
1997,2025-02-02,google_ads,Spain
1998,2025-02-24,facebook_ads,Italy
1999,2025-02-27,google_ads,Germany
2000,2025-01-09,google_ads,France
2001,2025-02-17,organic,France
2002,2025-02-16,organic,Spain
2003,2025-01-01,google_ads,Spain
2004,2025-01-28,organic,France
2005,2025-02-24,organic,Italy
2006,2025-01-21,google_ads,Germany
2007,2025-01-09,google_ads,Spain
2008,2025-01-02,organic,Italy
2009,2025-02-23,google_ads,Spain
2010,2025-01-13,facebook_ads,France
2011,2025-01-31,email,Germany
2012,2025-02-14,organic,Germany
2013,2025-02-15,email,Germany
2014,2025-02-02,google_ads,Germany
2015,2025-02-15,organic,Italy
2016,2025-02-20,organic,Italy
2017,2025-02-25,organic,Germany
2018,2025-01-13,organic,Italy
2019,2025-01-27,facebook_ads,France
2020,2025-02-28,facebook_ads,Italy
2021,2025-02-07,organic,Spain
2022,2025-02-27,facebook_ads,France
2023,2025-02-06,facebook_ads,Germany
2024,2025-02-25,email,Spain
2025,2025-02-28,facebook_ads,Italy
2026,2025-02-05,google_ads,Germany
2027,2025-01-04,organic,Italy
2028,2025-01-11,facebook_ads,France
2029,2025-02-17,facebook_ads,Spain
2030,2025-02-19,facebook_ads,Spain
2031,2025-01-19,facebook_ads,Germany
2032,2025-02-28,google_ads,Italy
2033,2025-02-25,facebook_ads,Germany
2034,2025-02-20,organic,France
2035,2025-02-27,facebook_ads,Italy
2036,2025-01-30,email,Germany
2037,2025-01-19,google_ads,Spain
2038,2025-01-21,google_ads,Italy
2039,2025-01-30,facebook_ads,Spain
2040,2025-02-10,email,Italy
2041,2025-01-26,organic,Spain
2042,2025-02-10,organic,Italy
2043,2025-02-20,organic,Spain
2044,2025-02-26,organic,Germany
2045,2025-02-09,organic,France
2046,2025-02-18,google_ads,Spain
2047,2025-01-30,google_ads,Spain
2048,2025-01-07,email,Italy
2049,2025-01-26,organic,France
2050,2025-03-01,facebook_ads,Italy
2051,2025-01-29,organic,Germany
2052,2025-01-13,organic,Italy
2053,2025-02-27,google_ads,France
2054,2025-02-26,organic,Germany
2055,2025-03-01,facebook_ads,Spain
2056,2025-01-16,google_ads,Germany
2057,2025-01-28,organic,France
2058,2025-01-09,organic,Italy
2059,2025-01-18,google_ads,Spain
2060,2025-02-14,organic,Spain
2061,2025-01-21,google_ads,Germany
2062,2025-02-05,google_ads,Italy
2063,2025-02-03,facebook_ads,France
2064,2025-01-03,organic,Italy
2065,2025-02-05,email,France
2066,2025-01-20,google_ads,Germany
2067,2025-01-13,google_ads,Italy
2068,2025-01-12,organic,Italy
2069,2025-01-16,facebook_ads,Spain
2070,2025-01-02,facebook_ads,France
2071,2025-02-24,facebook_ads,Spain
2072,2025-01-02,google_ads,Germany
2073,2025-01-11,organic,Spain
2074,2025-02-08,facebook_ads,Spain
2075,2025-01-19,organic,Italy
2076,2025-02-25,facebook_ads,Spain
2077,2025-02-09,google_ads,Spain
2078,2025-01-26,google_ads,Italy
2079,2025-01-24,email,France
2080,2025-02-08,facebook_ads,France
2081,2025-02-28,google_ads,Spain
2082,2025-02-24,google_ads,Germany
2083,2025-02-26,organic,Spain
2084,2025-01-18,facebook_ads,Spain
2085,2025-02-14,organic,Germany
2086,2025-02-11,organic,Germany
2087,2025-01-20,organic,Germany
2088,2025-01-04,google_ads,Italy
2089,2025-01-09,google_ads,Italy
2090,2025-02-07,google_ads,Germany
2091,2025-01-25,facebook_ads,France
2092,2025-02-15,facebook_ads,Italy
2093,2025-02-17,organic,France
2094,2025-01-07,facebook_ads,Germany
2095,2025-01-04,email,France
2096,2025-01-28,organic,Spain
2097,2025-01-26,organic,Spain
2098,2025-01-22,organic,Germany
2099,2025-01-31,email,Spain
2100,2025-02-01,organic,Italy
2101,2025-01-09,facebook_ads,Germany
2102,2025-02-09,organic,Germany
2103,2025-02-22,google_ads,Germany
2104,2025-03-01,google_ads,Italy
2105,2025-02-01,email,Spain
2106,2025-01-20,google_ads,Germany
2107,2025-03-01,organic,France
2108,2025-02-28,organic,France
2109,2025-02-16,facebook_ads,Italy
2110,2025-02-15,google_ads,France
2111,2025-01-15,google_ads,Spain
2112,2025-01-16,google_ads,France
2113,2025-01-25,organic,Italy
2114,2025-01-22,email,Spain
2115,2025-02-11,organic,France
2116,2025-02-11,organic,Spain
2117,2025-02-21,organic,France
2118,2025-01-06,email,Germany
2119,2025-01-18,organic,Italy
2120,2025-01-07,google_ads,Germany
2121,2025-02-19,organic,Italy
2122,2025-02-08,facebook_ads,France
2123,2025-02-12,email,Italy
2124,2025-01-27,organic,Spain
2125,2025-02-01,organic,France
2126,2025-02-28,organic,Spain
2127,2025-01-05,organic,Spain
2128,2025-02-22,organic,Italy
2129,2025-02-27,organic,Germany
2130,2025-01-23,facebook_ads,Spain
2131,2025-01-29,email,France
2132,2025-02-24,google_ads,France
2133,2025-01-25,google_ads,France
2134,2025-02-07,facebook_ads,Italy
2135,2025-02-19,organic,France
2136,2025-02-19,organic,Germany
2137,2025-01-08,organic,Italy
2138,2025-01-14,facebook_ads,Spain
2139,2025-01-06,google_ads,France
2140,2025-01-29,google_ads,France
2141,2025-02-07,facebook_ads,France
2142,2025-01-11,facebook_ads,Spain
2143,2025-01-03,organic,Spain
2144,2025-02-24,email,Italy
2145,2025-02-12,organic,Germany
2146,2025-02-02,facebook_ads,Spain
2147,2025-02-11,google_ads,Spain
2148,2025-02-05,organic,Germany
2149,2025-01-08,organic,Italy
2150,2025-02-04,organic,Italy
2151,2025-02-25,facebook_ads,Germany
2152,2025-01-07,organic,France
2153,2025-01-25,organic,Spain
2154,2025-02-11,facebook_ads,Spain
2155,2025-02-05,facebook_ads,Spain
2156,2025-01-24,organic,Germany
2157,2025-02-17,facebook_ads,Germany
2158,2025-02-03,facebook_ads,Germany
2159,2025-01-30,google_ads,Germany
2160,2025-02-23,organic,Spain
2161,2025-01-09,facebook_ads,Germany
2162,2025-01-23,google_ads,Italy
2163,2025-02-09,organic,Spain
2164,2025-01-11,organic,Spain
2165,2025-01-06,organic,France
2166,2025-02-14,google_ads,Italy
2167,2025-01-11,facebook_ads,France
2168,2025-02-19,organic,Spain
2169,2025-01-10,organic,Germany
2170,2025-02-12,facebook_ads,Italy
2171,2025-02-14,email,Germany
2172,2025-02-28,google_ads,Italy
2173,2025-02-03,google_ads,Italy
2174,2025-01-27,google_ads,Germany
2175,2025-02-27,organic,Italy
2176,2025-01-07,google_ads,Germany
2177,2025-02-13,google_ads,France
2178,2025-01-25,google_ads,Spain
2179,2025-01-11,organic,Italy
2180,2025-02-21,email,France
2181,2025-01-19,organic,France
2182,2025-01-23,google_ads,Italy
2183,2025-01-08,google_ads,Germany
2184,2025-02-27,email,Spain
2185,2025-02-03,email,France
2186,2025-02-02,facebook_ads,Germany
2187,2025-01-01,google_ads,Spain
2188,2025-01-15,organic,Germany
2189,2025-01-06,google_ads,Spain
2190,2025-02-04,google_ads,Italy
2191,2025-02-11,organic,Spain
2192,2025-01-17,facebook_ads,Spain
2193,2025-02-20,organic,Italy
2194,2025-01-21,organic,Spain
2195,2025-02-04,facebook_ads,Spain
2196,2025-01-20,google_ads,Italy
2197,2025-02-10,facebook_ads,France
2198,2025-02-10,google_ads,Italy
2199,2025-01-11,organic,Italy
2200,2025-02-01,organic,Spain
2201,2025-02-20,google_ads,Italy
2202,2025-01-06,organic,Germany
2203,2025-02-08,google_ads,Spain
2204,2025-01-09,organic,Germany
2205,2025-02-15,organic,Germany
2206,2025-02-25,google_ads,Germany
2207,2025-01-17,google_ads,Germany
2208,2025-01-30,organic,France
2209,2025-01-13,organic,Germany
2210,2025-02-06,organic,Germany
2211,2025-01-11,google_ads,Italy
2212,2025-02-13,google_ads,Germany
2213,2025-01-18,google_ads,Germany
2214,2025-02-26,google_ads,Italy
2215,2025-01-10,google_ads,France
2216,2025-02-18,facebook_ads,Germany
2217,2025-02-26,google_ads,Italy
2218,2025-01-18,google_ads,Spain
2219,2025-02-17,organic,Italy
2220,2025-01-01,organic,Italy
2221,2025-03-01,google_ads,Italy
2222,2025-01-10,facebook_ads,Italy
2223,2025-01-27,email,Germany
2224,2025-01-28,facebook_ads,Spain
2225,2025-01-13,google_ads,Spain
2226,2025-01-30,organic,France
2227,2025-02-04,google_ads,Spain
2228,2025-02-13,organic,France
2229,2025-02-21,email,Germany
2230,2025-02-25,email,Spain
2231,2025-02-20,organic,France
2232,2025-01-26,google_ads,Germany
2233,2025-01-02,google_ads,Spain
2234,2025-02-09,organic,Germany
2235,2025-02-25,facebook_ads,Spain
2236,2025-02-13,facebook_ads,Italy
2237,2025-01-25,email,Germany
2238,2025-01-12,organic,France
2239,2025-02-24,google_ads,France
2240,2025-02-05,organic,Italy
2241,2025-01-17,google_ads,Germany
2242,2025-02-11,organic,France
2243,2025-02-04,organic,Italy
2244,2025-01-03,google_ads,Germany
2245,2025-01-30,email,France
2246,2025-02-23,email,Spain
2247,2025-01-14,email,Italy
2248,2025-02-16,organic,Germany
2249,2025-02-10,organic,Italy
2250,2025-01-17,organic,Italy
2251,2025-02-11,google_ads,Italy
2252,2025-02-27,organic,France
2253,2025-02-28,email,Spain
2254,2025-02-05,organic,Germany
2255,2025-01-21,organic,France
2256,2025-02-16,organic,France
2257,2025-01-02,google_ads,Italy
2258,2025-02-07,google_ads,Spain
2259,2025-02-02,google_ads,Spain
2260,2025-02-08,facebook_ads,Italy
2261,2025-02-14,facebook_ads,Spain
2262,2025-02-01,google_ads,Italy
2263,2025-02-13,organic,Germany
2264,2025-02-03,facebook_ads,Italy
2265,2025-02-23,google_ads,Germany
2266,2025-01-12,organic,Spain
2267,2025-01-09,google_ads,Spain
2268,2025-02-25,google_ads,Spain
2269,2025-01-19,google_ads,France
2270,2025-01-19,organic,Spain
2271,2025-01-09,organic,Germany
2272,2025-01-18,google_ads,Italy
2273,2025-02-08,email,Italy
2274,2025-02-03,organic,Spain
2275,2025-02-08,organic,Germany
2276,2025-01-03,organic,France
2277,2025-02-06,organic,Spain
2278,2025-01-30,organic,France
2279,2025-01-01,google_ads,Germany
2280,2025-02-08,organic,France
2281,2025-01-27,organic,Spain
2282,2025-01-21,organic,Italy
2283,2025-01-04,organic,Germany
2284,2025-02-03,facebook_ads,Germany
2285,2025-02-09,facebook_ads,France
2286,2025-02-25,google_ads,Germany
2287,2025-02-16,facebook_ads,Spain
2288,2025-01-06,email,Germany
2289,2025-01-10,email,Italy
2290,2025-02-08,facebook_ads,Spain
2291,2025-01-18,google_ads,France
2292,2025-02-01,google_ads,Spain
2293,2025-02-22,facebook_ads,Italy
2294,2025-01-31,facebook_ads,Germany
2295,2025-02-05,organic,Germany
2296,2025-02-27,organic,France
2297,2025-01-20,email,Germany
2298,2025-01-07,organic,Germany
2299,2025-01-31,organic,Germany
2300,2025-01-23,facebook_ads,Germany
2301,2025-03-01,email,France
2302,2025-01-25,facebook_ads,France
2303,2025-02-18,facebook_ads,Italy
2304,2025-02-26,google_ads,Italy
2305,2025-01-18,facebook_ads,Spain
2306,2025-01-11,google_ads,Germany
2307,2025-01-05,google_ads,Spain
2308,2025-02-08,google_ads,Spain
2309,2025-01-31,email,France
2310,2025-01-03,organic,Italy
2311,2025-02-24,organic,Italy
2312,2025-02-25,google_ads,France
2313,2025-01-10,facebook_ads,France
2314,2025-02-06,facebook_ads,Spain
2315,2025-01-28,facebook_ads,Spain
2316,2025-02-28,email,Italy
2317,2025-02-17,google_ads,France
2318,2025-02-26,facebook_ads,Italy
2319,2025-01-14,google_ads,Spain
2320,2025-01-27,google_ads,Italy
2321,2025-01-19,google_ads,France
2322,2025-01-07,google_ads,Spain
2323,2025-01-15,google_ads,France
2324,2025-02-01,facebook_ads,France
2325,2025-01-17,google_ads,Germany
2326,2025-01-21,facebook_ads,Spain
2327,2025-01-07,organic,Italy
2328,2025-01-12,google_ads,Germany
2329,2025-01-10,organic,Italy
2330,2025-01-08,facebook_ads,Italy
2331,2025-01-24,organic,Spain
2332,2025-01-11,google_ads,France
2333,2025-02-21,organic,France
2334,2025-01-19,facebook_ads,Germany
2335,2025-01-15,google_ads,France
2336,2025-01-30,organic,Spain
2337,2025-02-28,email,France
2338,2025-02-23,google_ads,Germany
2339,2025-01-04,google_ads,Germany
2340,2025-02-03,organic,France
2341,2025-02-11,google_ads,Spain
2342,2025-01-10,organic,Italy
2343,2025-01-07,facebook_ads,Spain
2344,2025-01-15,organic,Spain
2345,2025-02-24,facebook_ads,Spain
2346,2025-02-08,organic,Germany
2347,2025-01-02,facebook_ads,Spain
2348,2025-01-12,organic,Spain
2349,2025-01-05,email,Spain
2350,2025-01-07,facebook_ads,Spain
2351,2025-01-24,google_ads,France
2352,2025-02-13,google_ads,France
2353,2025-01-09,facebook_ads,Italy
2354,2025-02-25,email,Germany
2355,2025-02-02,google_ads,Germany
2356,2025-01-27,google_ads,Italy
2357,2025-02-23,email,Spain
2358,2025-02-27,organic,Spain
2359,2025-02-02,google_ads,Italy
2360,2025-02-22,google_ads,Germany
2361,2025-02-25,organic,Italy
2362,2025-01-22,facebook_ads,Germany
2363,2025-01-23,facebook_ads,Spain
2364,2025-02-10,organic,Spain
2365,2025-02-13,organic,Germany
2366,2025-02-11,google_ads,Italy
2367,2025-02-15,organic,Spain
2368,2025-02-20,email,France
2369,2025-02-20,google_ads,Germany
2370,2025-02-10,google_ads,Italy
2371,2025-01-02,organic,France
2372,2025-01-10,facebook_ads,France
2373,2025-02-17,organic,Spain
2374,2025-01-15,google_ads,Germany
2375,2025-02-05,google_ads,Italy
2376,2025-01-30,facebook_ads,Italy
2377,2025-02-19,facebook_ads,Spain
2378,2025-01-16,organic,France
2379,2025-02-26,email,Spain
2380,2025-02-09,google_ads,Italy
2381,2025-02-16,google_ads,Spain
2382,2025-02-13,google_ads,Germany
2383,2025-01-16,facebook_ads,Germany
2384,2025-01-11,organic,France
2385,2025-02-26,google_ads,Germany
2386,2025-01-17,google_ads,Italy
2387,2025-02-04,email,Italy
2388,2025-01-19,google_ads,Italy
2389,2025-02-27,organic,Spain
2390,2025-02-01,organic,Germany
2391,2025-01-19,google_ads,Italy
2392,2025-02-22,organic,Italy
2393,2025-02-10,organic,Germany
2394,2025-01-14,google_ads,Germany
2395,2025-01-17,organic,Italy
2396,2025-02-19,google_ads,Spain
2397,2025-01-21,google_ads,Italy
2398,2025-01-01,organic,Spain
2399,2025-01-28,facebook_ads,France
2400,2025-01-13,facebook_ads,Germany
2401,2025-02-22,facebook_ads,Italy
2402,2025-01-25,google_ads,Spain
2403,2025-01-30,facebook_ads,Germany
2404,2025-01-21,facebook_ads,Germany
2405,2025-01-20,organic,Spain
2406,2025-01-25,facebook_ads,Spain
2407,2025-01-19,email,Italy
2408,2025-01-01,organic,Germany
2409,2025-01-19,google_ads,Spain
2410,2025-01-29,email,Germany
2411,2025-02-13,organic,France
2412,2025-01-25,organic,France
2413,2025-01-26,google_ads,France
2414,2025-02-11,google_ads,Italy
2415,2025-01-21,google_ads,Spain
2416,2025-02-25,google_ads,Italy
2417,2025-01-03,email,France
2418,2025-02-01,email,France
2419,2025-01-12,email,Germany
2420,2025-02-19,organic,Germany
2421,2025-02-13,facebook_ads,Spain
2422,2025-02-16,facebook_ads,Italy
2423,2025-02-02,organic,France
2424,2025-02-23,organic,Italy
2425,2025-02-05,google_ads,Spain
2426,2025-02-27,organic,France
2427,2025-01-13,google_ads,Italy
2428,2025-01-27,organic,France
2429,2025-02-18,email,Germany
2430,2025-02-09,google_ads,Spain
2431,2025-01-25,google_ads,Italy
2432,2025-01-01,google_ads,France
2433,2025-02-12,organic,Spain
2434,2025-02-22,organic,Germany
2435,2025-01-30,google_ads,Italy
2436,2025-02-16,google_ads,Spain
2437,2025-02-26,organic,France
2438,2025-02-08,google_ads,Germany
2439,2025-02-01,google_ads,Germany
2440,2025-02-23,organic,Spain
2441,2025-01-07,google_ads,Italy
2442,2025-02-03,email,France
2443,2025-02-04,organic,France
2444,2025-02-19,organic,Spain
2445,2025-01-21,organic,France
2446,2025-03-01,google_ads,Spain
2447,2025-02-17,facebook_ads,Germany
2448,2025-01-17,facebook_ads,France
2449,2025-02-13,facebook_ads,Germany
2450,2025-01-24,google_ads,France
2451,2025-01-05,organic,Germany
2452,2025-02-22,facebook_ads,Spain
2453,2025-01-23,google_ads,Italy
2454,2025-02-23,facebook_ads,France
2455,2025-01-20,facebook_ads,Germany
2456,2025-01-05,google_ads,Spain
2457,2025-02-05,email,Italy
2458,2025-02-05,google_ads,Spain
2459,2025-02-13,facebook_ads,France
2460,2025-02-02,email,Germany
2461,2025-03-01,google_ads,Germany
2462,2025-02-12,email,Germany
2463,2025-02-03,google_ads,Germany
2464,2025-01-22,organic,Germany
2465,2025-01-30,google_ads,France
2466,2025-01-03,facebook_ads,France
2467,2025-01-22,facebook_ads,Germany
2468,2025-01-23,facebook_ads,Italy
2469,2025-01-14,google_ads,Spain
2470,2025-02-09,organic,Italy
2471,2025-01-16,organic,Spain
2472,2025-02-04,google_ads,Italy
2473,2025-01-26,google_ads,Germany
2474,2025-02-16,google_ads,Germany
2475,2025-02-14,organic,France
2476,2025-01-08,google_ads,France
2477,2025-01-05,facebook_ads,Spain
2478,2025-02-22,facebook_ads,Italy
2479,2025-01-23,facebook_ads,Germany
2480,2025-01-30,organic,Germany
2481,2025-02-09,email,Germany
2482,2025-02-05,organic,Spain
2483,2025-01-09,google_ads,Italy
2484,2025-02-10,organic,France
2485,2025-02-14,google_ads,France
2486,2025-02-16,google_ads,France
2487,2025-01-08,organic,France
2488,2025-02-08,email,France
2489,2025-01-13,facebook_ads,France
2490,2025-01-06,email,Spain
2491,2025-02-20,facebook_ads,Spain
2492,2025-03-01,organic,Italy
2493,2025-02-09,email,Italy
2494,2025-02-14,google_ads,Italy
2495,2025-02-20,organic,France
2496,2025-02-21,organic,Germany
2497,2025-01-26,organic,Italy
2498,2025-01-09,google_ads,France
2499,2025-02-26,facebook_ads,Spain
2500,2025-01-12,organic,Italy
2501,2025-01-21,organic,Italy
2502,2025-01-08,facebook_ads,Italy
2503,2025-01-22,facebook_ads,Spain
2504,2025-01-11,google_ads,Spain
2505,2025-02-06,google_ads,Italy
2506,2025-02-14,organic,Germany
2507,2025-01-29,facebook_ads,Germany
2508,2025-01-10,google_ads,Spain
2509,2025-02-15,google_ads,Germany
2510,2025-01-22,google_ads,Germany
2511,2025-02-19,organic,France
2512,2025-02-14,organic,Italy
2513,2025-01-08,organic,France
2514,2025-01-22,google_ads,Spain
2515,2025-01-18,organic,Germany
2516,2025-01-03,facebook_ads,Italy
2517,2025-02-06,google_ads,France
2518,2025-01-18,facebook_ads,France
2519,2025-02-05,facebook_ads,France
2520,2025-01-19,organic,Spain
2521,2025-01-28,google_ads,Spain
2522,2025-01-18,facebook_ads,France
2523,2025-02-16,facebook_ads,Italy
2524,2025-01-31,email,Germany
2525,2025-02-22,facebook_ads,Spain
2526,2025-01-21,facebook_ads,Germany
2527,2025-01-22,email,Germany
2528,2025-02-15,facebook_ads,France
2529,2025-02-10,facebook_ads,Germany
2530,2025-02-08,facebook_ads,Italy
2531,2025-02-04,email,France
2532,2025-01-04,facebook_ads,Spain
2533,2025-02-08,organic,France
2534,2025-02-17,organic,Italy
2535,2025-01-13,organic,Germany
2536,2025-02-06,organic,France
2537,2025-01-06,organic,Italy
2538,2025-01-24,organic,Spain
2539,2025-01-31,organic,Italy
2540,2025-01-19,organic,Spain
2541,2025-01-14,google_ads,France
2542,2025-01-23,google_ads,France
2543,2025-01-10,organic,Italy
2544,2025-02-28,organic,Germany
2545,2025-02-26,facebook_ads,France
2546,2025-01-04,organic,France
2547,2025-02-02,facebook_ads,France
2548,2025-01-25,facebook_ads,France
2549,2025-01-27,organic,Spain
2550,2025-01-11,organic,Spain
2551,2025-02-22,organic,Spain
2552,2025-02-22,facebook_ads,Italy
2553,2025-02-04,organic,Spain
2554,2025-02-01,google_ads,Germany
2555,2025-02-09,organic,Spain
2556,2025-02-10,google_ads,Germany
2557,2025-02-07,google_ads,Spain
2558,2025-02-23,organic,Germany
2559,2025-01-04,google_ads,Italy
2560,2025-01-30,google_ads,Germany
2561,2025-02-12,organic,Spain
2562,2025-01-02,email,Germany
2563,2025-01-20,facebook_ads,Germany
2564,2025-02-01,facebook_ads,France
2565,2025-02-19,organic,Italy
2566,2025-01-27,organic,Spain
2567,2025-02-23,google_ads,Spain
2568,2025-02-04,facebook_ads,Germany
2569,2025-02-09,email,Spain
2570,2025-01-16,organic,France
2571,2025-02-23,organic,Italy
2572,2025-01-04,email,France
2573,2025-02-21,organic,Germany
2574,2025-01-03,email,Italy
2575,2025-01-23,facebook_ads,Spain
2576,2025-01-06,facebook_ads,Spain
2577,2025-02-05,organic,France
2578,2025-01-02,organic,Spain
2579,2025-01-22,organic,Italy
2580,2025-02-10,google_ads,France
2581,2025-01-22,facebook_ads,France
2582,2025-01-28,organic,Spain
2583,2025-01-11,facebook_ads,Italy
2584,2025-02-06,google_ads,Italy
2585,2025-01-03,organic,France
2586,2025-02-22,google_ads,Spain
2587,2025-02-09,organic,Germany
2588,2025-01-08,organic,Spain
2589,2025-01-25,facebook_ads,Italy
2590,2025-02-14,google_ads,Germany
2591,2025-01-26,google_ads,France
2592,2025-01-05,organic,Germany
2593,2025-02-05,organic,Germany
2594,2025-01-11,organic,France
2595,2025-01-11,facebook_ads,Italy
2596,2025-02-24,google_ads,France
2597,2025-01-27,organic,France
2598,2025-02-12,organic,Spain
2599,2025-01-20,facebook_ads,Spain
2600,2025-01-29,organic,Germany
2601,2025-02-02,google_ads,Spain
2602,2025-01-14,organic,France
2603,2025-01-18,google_ads,Spain
2604,2025-02-03,organic,Spain
2605,2025-02-01,facebook_ads,France
2606,2025-02-26,facebook_ads,Spain
2607,2025-01-02,google_ads,France
2608,2025-01-25,google_ads,France
2609,2025-02-15,organic,France
2610,2025-03-01,google_ads,Spain
2611,2025-01-31,google_ads,Germany
2612,2025-01-15,organic,France
2613,2025-02-13,google_ads,France
2614,2025-01-16,facebook_ads,France
2615,2025-02-10,email,Germany
2616,2025-01-02,organic,Spain
2617,2025-02-25,facebook_ads,Germany
2618,2025-01-13,organic,Germany
2619,2025-02-14,facebook_ads,Spain
2620,2025-01-31,organic,Spain
2621,2025-01-02,facebook_ads,Spain
2622,2025-02-06,organic,Italy
2623,2025-01-20,email,Spain
2624,2025-01-06,google_ads,Spain
2625,2025-02-07,organic,Spain
2626,2025-02-01,google_ads,France
2627,2025-02-05,email,France
2628,2025-01-04,organic,France
2629,2025-02-20,google_ads,Italy
2630,2025-01-02,google_ads,France
2631,2025-02-13,google_ads,Germany
2632,2025-01-22,facebook_ads,Italy
2633,2025-02-02,google_ads,Spain
2634,2025-01-26,facebook_ads,Germany
2635,2025-01-10,facebook_ads,Germany
2636,2025-02-08,google_ads,Italy
2637,2025-01-24,organic,Italy
2638,2025-02-13,organic,Germany
2639,2025-02-19,organic,Italy
2640,2025-01-24,organic,Germany
2641,2025-01-09,google_ads,Spain
2642,2025-02-04,organic,Italy
2643,2025-01-28,google_ads,Italy
2644,2025-01-27,facebook_ads,Spain
2645,2025-01-12,organic,Germany
2646,2025-01-27,organic,Germany
2647,2025-02-21,google_ads,France
2648,2025-01-04,organic,Germany
2649,2025-01-16,google_ads,Italy
2650,2025-02-07,google_ads,Germany
2651,2025-01-04,organic,Germany
2652,2025-02-21,google_ads,Spain
2653,2025-01-28,facebook_ads,France
2654,2025-01-26,google_ads,France
2655,2025-02-04,organic,France
2656,2025-01-20,facebook_ads,Spain
2657,2025-01-12,facebook_ads,France
2658,2025-01-06,facebook_ads,Spain
2659,2025-01-13,organic,Spain
2660,2025-02-24,organic,Germany
2661,2025-01-27,google_ads,France
2662,2025-02-28,organic,Germany
2663,2025-02-14,organic,Italy
2664,2025-01-01,google_ads,Spain
2665,2025-02-06,facebook_ads,Italy
2666,2025-01-30,organic,Germany
2667,2025-01-17,google_ads,Germany
2668,2025-01-10,organic,France
2669,2025-02-08,organic,Spain
2670,2025-01-20,organic,France
2671,2025-02-11,google_ads,Germany
2672,2025-02-27,google_ads,Germany
2673,2025-01-04,google_ads,Germany
2674,2025-01-27,facebook_ads,Spain
2675,2025-02-19,organic,France
2676,2025-01-24,organic,Germany
2677,2025-01-17,facebook_ads,Germany
2678,2025-01-02,organic,Spain
2679,2025-02-17,organic,France
2680,2025-02-20,google_ads,Italy
2681,2025-01-24,organic,France
2682,2025-02-15,google_ads,Italy
2683,2025-01-23,facebook_ads,France
2684,2025-01-08,organic,Spain
2685,2025-02-16,google_ads,Spain
2686,2025-01-31,facebook_ads,Spain
2687,2025-01-01,organic,Spain
2688,2025-02-01,google_ads,France
2689,2025-02-25,organic,France
2690,2025-01-23,organic,Italy
2691,2025-01-23,google_ads,Spain
2692,2025-02-01,google_ads,Italy
2693,2025-02-04,google_ads,Germany
2694,2025-02-27,email,France
2695,2025-01-24,google_ads,France
2696,2025-01-20,organic,Germany
2697,2025-02-03,organic,Italy
2698,2025-01-19,google_ads,Spain
2699,2025-02-17,organic,France
2700,2025-02-08,google_ads,Germany
2701,2025-01-20,facebook_ads,France
2702,2025-02-13,facebook_ads,Spain
2703,2025-01-17,facebook_ads,France
2704,2025-02-10,google_ads,France
2705,2025-01-11,google_ads,Spain
2706,2025-01-15,email,Spain
2707,2025-01-22,organic,Spain
2708,2025-02-08,organic,Italy
2709,2025-01-19,google_ads,Germany
2710,2025-02-23,google_ads,Germany
2711,2025-02-04,email,France
2712,2025-02-27,google_ads,Germany
2713,2025-02-16,email,France
2714,2025-02-01,organic,Spain
2715,2025-01-11,facebook_ads,Italy
2716,2025-02-12,facebook_ads,Spain
2717,2025-01-03,organic,Italy
2718,2025-01-24,facebook_ads,Germany
2719,2025-01-21,organic,Spain
2720,2025-02-15,email,Germany
2721,2025-01-02,organic,Italy
2722,2025-02-23,organic,Spain
2723,2025-02-26,google_ads,France
2724,2025-02-06,organic,Spain
2725,2025-02-24,google_ads,Spain
2726,2025-01-08,facebook_ads,Germany
2727,2025-02-11,organic,France
2728,2025-02-11,facebook_ads,Spain
2729,2025-02-06,facebook_ads,Italy
2730,2025-02-27,organic,Italy
2731,2025-01-28,google_ads,Italy
2732,2025-01-10,organic,Spain
2733,2025-02-25,google_ads,Spain
2734,2025-01-04,google_ads,France
2735,2025-01-28,facebook_ads,Germany
2736,2025-02-11,organic,France
2737,2025-01-21,organic,Germany
2738,2025-01-04,facebook_ads,Spain
2739,2025-01-20,organic,Germany
2740,2025-02-24,organic,Spain
2741,2025-02-26,facebook_ads,France
2742,2025-01-23,google_ads,Germany
2743,2025-01-09,facebook_ads,France
2744,2025-02-11,organic,Germany
2745,2025-01-26,facebook_ads,Spain
2746,2025-02-08,organic,Germany
2747,2025-01-31,google_ads,Germany
2748,2025-02-06,google_ads,Italy
2749,2025-01-17,email,Italy
2750,2025-02-22,organic,Germany
2751,2025-02-14,facebook_ads,Spain
2752,2025-01-16,organic,Italy
2753,2025-02-18,google_ads,France
2754,2025-02-02,google_ads,Italy
2755,2025-01-03,google_ads,Italy
2756,2025-01-18,google_ads,Germany
2757,2025-02-16,organic,Spain
2758,2025-01-06,google_ads,France
2759,2025-01-30,organic,Spain
2760,2025-01-10,google_ads,Spain
2761,2025-01-20,google_ads,France
2762,2025-01-03,google_ads,France
2763,2025-02-05,email,France
2764,2025-01-05,organic,Italy
2765,2025-02-16,organic,Germany
2766,2025-02-12,google_ads,Italy
2767,2025-02-26,google_ads,Germany
2768,2025-02-26,google_ads,France
2769,2025-01-26,email,Italy
2770,2025-02-25,organic,Spain
2771,2025-01-16,google_ads,France
2772,2025-01-28,organic,France
2773,2025-02-04,facebook_ads,France
2774,2025-02-17,email,Spain
2775,2025-02-16,organic,Italy
2776,2025-02-12,google_ads,Italy
2777,2025-02-26,email,Germany
2778,2025-02-17,google_ads,France
2779,2025-01-22,organic,France
2780,2025-02-11,facebook_ads,Germany
2781,2025-02-09,google_ads,Italy
2782,2025-01-11,google_ads,Italy
2783,2025-02-17,email,Germany
2784,2025-02-11,facebook_ads,Italy
2785,2025-02-08,organic,France
2786,2025-01-02,facebook_ads,Spain
2787,2025-02-24,facebook_ads,Germany
2788,2025-02-11,organic,France
2789,2025-01-11,organic,Germany
2790,2025-02-20,email,France
2791,2025-01-02,email,Italy
2792,2025-01-11,organic,Italy
2793,2025-02-18,organic,Italy
2794,2025-01-12,facebook_ads,Spain
2795,2025-02-27,google_ads,Germany
2796,2025-02-13,email,Spain
2797,2025-02-09,organic,Germany
2798,2025-01-10,organic,France
2799,2025-02-22,google_ads,Germany
2800,2025-02-11,google_ads,Germany
2801,2025-01-10,google_ads,Italy
2802,2025-02-14,google_ads,Italy
2803,2025-02-09,email,Spain
2804,2025-01-23,google_ads,Spain
2805,2025-01-11,email,France
2806,2025-01-05,organic,Germany
2807,2025-02-17,organic,Italy
2808,2025-02-18,organic,France
2809,2025-01-10,organic,Spain
2810,2025-02-26,facebook_ads,Spain
2811,2025-01-07,google_ads,Italy
2812,2025-02-16,google_ads,Italy
2813,2025-01-31,organic,Italy
2814,2025-02-13,organic,France
2815,2025-03-01,facebook_ads,France
2816,2025-01-27,organic,Spain
2817,2025-01-05,organic,Italy
2818,2025-01-06,organic,Spain
2819,2025-02-22,organic,Spain
2820,2025-01-05,email,France
2821,2025-02-08,facebook_ads,Spain
2822,2025-01-24,facebook_ads,Germany
2823,2025-01-19,organic,Germany
2824,2025-02-09,organic,Spain
2825,2025-01-20,google_ads,Italy
2826,2025-02-26,email,Italy
2827,2025-02-03,facebook_ads,France
2828,2025-02-03,organic,Spain
2829,2025-01-06,facebook_ads,Spain
2830,2025-01-08,organic,Germany
2831,2025-02-03,organic,France
2832,2025-02-15,facebook_ads,France
2833,2025-02-01,organic,Germany
2834,2025-02-24,organic,Spain
2835,2025-02-15,google_ads,France
2836,2025-02-22,organic,Germany
2837,2025-01-05,google_ads,Italy
2838,2025-02-16,organic,Germany
2839,2025-01-06,organic,Italy
2840,2025-02-01,organic,Spain
2841,2025-02-25,google_ads,Italy
2842,2025-03-01,organic,Italy
2843,2025-01-29,facebook_ads,Italy
2844,2025-02-05,google_ads,Italy
2845,2025-01-22,google_ads,Germany
2846,2025-01-23,organic,Germany
2847,2025-01-26,organic,Germany
2848,2025-01-01,google_ads,Spain
2849,2025-01-02,organic,Germany
2850,2025-01-16,google_ads,France
2851,2025-01-31,google_ads,Italy
2852,2025-01-04,organic,Italy
2853,2025-02-16,organic,Italy
2854,2025-02-22,organic,Italy
2855,2025-02-18,google_ads,France
2856,2025-02-18,google_ads,Germany
2857,2025-01-07,organic,Spain
2858,2025-01-04,google_ads,Italy
2859,2025-02-11,google_ads,Spain
2860,2025-01-22,organic,Spain
2861,2025-02-11,organic,France
2862,2025-01-06,organic,Germany
2863,2025-01-20,facebook_ads,Germany
2864,2025-01-10,google_ads,France
2865,2025-02-21,facebook_ads,Spain
2866,2025-02-06,organic,Spain
2867,2025-02-18,google_ads,Germany
2868,2025-01-17,email,Spain
2869,2025-02-27,email,Germany
2870,2025-01-02,facebook_ads,France
2871,2025-02-17,facebook_ads,Italy
2872,2025-01-26,email,Germany
2873,2025-02-24,google_ads,France
2874,2025-02-16,google_ads,Spain
2875,2025-02-23,facebook_ads,Germany
2876,2025-02-12,facebook_ads,Spain
2877,2025-01-02,organic,Germany
2878,2025-02-06,organic,France
2879,2025-02-17,google_ads,Germany
2880,2025-02-23,email,France
2881,2025-02-26,organic,France
2882,2025-01-23,organic,Spain
2883,2025-02-16,google_ads,France
2884,2025-01-18,google_ads,Italy
2885,2025-01-30,google_ads,Spain
2886,2025-02-24,organic,Italy
2887,2025-01-10,facebook_ads,France
2888,2025-01-28,google_ads,Spain
2889,2025-01-02,email,Germany
2890,2025-02-21,google_ads,Spain
2891,2025-02-17,organic,Italy
2892,2025-02-04,organic,Germany
2893,2025-02-20,google_ads,Germany
2894,2025-01-06,facebook_ads,Germany
2895,2025-01-25,email,Germany
2896,2025-01-20,google_ads,Italy
2897,2025-01-06,google_ads,Germany
2898,2025-02-07,organic,France
2899,2025-01-17,organic,Italy
2900,2025-01-16,email,Italy
2901,2025-01-02,organic,France
2902,2025-01-11,organic,Italy
2903,2025-01-04,facebook_ads,Germany
2904,2025-01-19,google_ads,Italy
2905,2025-01-07,organic,France
2906,2025-02-19,email,Italy
2907,2025-02-01,facebook_ads,Italy
2908,2025-01-08,google_ads,Spain
2909,2025-02-28,facebook_ads,Italy
2910,2025-01-30,organic,Spain
2911,2025-02-21,email,France
2912,2025-02-09,google_ads,Italy
2913,2025-02-11,organic,France
2914,2025-02-27,organic,Germany
2915,2025-01-29,google_ads,Italy
2916,2025-01-27,google_ads,Germany
2917,2025-01-24,organic,Germany
2918,2025-02-27,facebook_ads,Italy
2919,2025-01-08,organic,Spain
2920,2025-02-24,organic,Germany
2921,2025-01-10,organic,Germany
2922,2025-02-15,organic,France
2923,2025-03-01,facebook_ads,France
2924,2025-02-20,google_ads,Italy
2925,2025-01-06,organic,Italy
2926,2025-01-14,facebook_ads,France
2927,2025-01-15,facebook_ads,Spain
2928,2025-02-04,organic,Italy
2929,2025-02-16,google_ads,Spain
2930,2025-02-09,google_ads,France
2931,2025-02-04,google_ads,France
2932,2025-01-13,facebook_ads,Germany
2933,2025-02-21,google_ads,Germany
2934,2025-02-03,google_ads,France
2935,2025-01-20,organic,France
2936,2025-03-01,google_ads,Germany
2937,2025-02-12,google_ads,France
2938,2025-02-03,organic,Spain
2939,2025-01-30,organic,Germany
2940,2025-01-12,organic,Italy
2941,2025-02-18,google_ads,France
2942,2025-02-26,organic,Italy
2943,2025-02-07,facebook_ads,Spain
2944,2025-03-01,google_ads,France
2945,2025-03-01,organic,Italy
2946,2025-02-17,organic,Germany
2947,2025-01-02,email,Spain
2948,2025-01-16,google_ads,Spain
2949,2025-01-19,organic,Spain
2950,2025-01-11,organic,France
2951,2025-01-12,email,Germany
2952,2025-01-17,organic,France
2953,2025-01-12,organic,Italy
2954,2025-01-05,google_ads,Germany
2955,2025-01-08,organic,Italy
2956,2025-02-28,google_ads,Italy
2957,2025-01-17,organic,Germany
2958,2025-01-15,facebook_ads,Spain
2959,2025-01-18,google_ads,Spain
2960,2025-02-18,facebook_ads,Italy
2961,2025-01-21,email,Italy
2962,2025-02-24,facebook_ads,Spain
2963,2025-02-15,organic,Spain
2964,2025-02-18,organic,France
2965,2025-01-15,google_ads,Germany
2966,2025-01-30,organic,France
2967,2025-02-13,google_ads,France
2968,2025-02-04,facebook_ads,Germany
2969,2025-02-22,organic,France
2970,2025-02-27,google_ads,France
2971,2025-02-27,facebook_ads,Germany
2972,2025-01-26,organic,Spain
2973,2025-02-06,organic,Spain
2974,2025-01-21,google_ads,Spain
2975,2025-01-02,organic,Germany
2976,2025-02-26,email,France
2977,2025-02-08,organic,Spain
2978,2025-02-18,organic,Germany
2979,2025-01-23,facebook_ads,France
2980,2025-02-17,facebook_ads,Germany
2981,2025-01-19,organic,Spain
2982,2025-02-26,google_ads,Germany
2983,2025-02-14,google_ads,Germany
2984,2025-02-06,google_ads,France
2985,2025-01-17,facebook_ads,France
2986,2025-02-22,google_ads,Germany
2987,2025-01-21,google_ads,Germany
2988,2025-01-16,facebook_ads,Italy
2989,2025-01-15,facebook_ads,Spain
2990,2025-01-23,google_ads,Germany
2991,2025-01-24,google_ads,Germany
2992,2025-02-25,organic,Spain
2993,2025-02-08,google_ads,France
2994,2025-01-06,facebook_ads,Italy
2995,2025-02-22,google_ads,Italy
2996,2025-01-08,google_ads,Spain
2997,2025-01-09,organic,Germany
2998,2025-01-05,organic,Germany
2999,2025-02-19,facebook_ads,Spain
3000,2025-02-17,google_ads,Germany
3001,2025-02-17,facebook_ads,Germany
3002,2025-01-07,facebook_ads,Spain
3003,2025-01-11,facebook_ads,Spain
3004,2025-01-03,organic,France
3005,2025-02-04,organic,Spain
3006,2025-02-27,google_ads,Spain
3007,2025-01-08,organic,Italy
3008,2025-02-08,organic,Spain
3009,2025-01-15,google_ads,Italy
3010,2025-01-04,facebook_ads,Spain
3011,2025-02-06,google_ads,Italy
3012,2025-02-11,email,Spain
3013,2025-02-20,facebook_ads,Italy
3014,2025-02-01,email,France
3015,2025-02-20,facebook_ads,France
3016,2025-01-10,organic,France
3017,2025-01-13,email,Spain
3018,2025-01-18,google_ads,Germany
3019,2025-02-24,organic,Germany
3020,2025-02-08,google_ads,Germany
3021,2025-02-20,organic,Spain
3022,2025-02-28,email,Spain
3023,2025-01-22,facebook_ads,Spain
3024,2025-01-15,organic,France
3025,2025-02-12,organic,France
3026,2025-01-05,organic,Germany
3027,2025-01-11,organic,Italy
3028,2025-01-03,email,Germany
3029,2025-02-19,email,Spain
3030,2025-01-23,google_ads,Spain
3031,2025-01-09,facebook_ads,Spain
3032,2025-01-09,facebook_ads,France
3033,2025-02-15,organic,Spain
3034,2025-02-24,google_ads,Spain
3035,2025-02-15,facebook_ads,France
3036,2025-02-19,email,Italy
3037,2025-01-27,google_ads,Spain
3038,2025-01-19,facebook_ads,Spain
3039,2025-02-14,google_ads,Germany
3040,2025-02-23,facebook_ads,Italy
3041,2025-02-27,facebook_ads,Italy
3042,2025-02-07,organic,Germany
3043,2025-02-20,email,France
3044,2025-02-21,organic,Spain
3045,2025-02-13,organic,Germany
3046,2025-01-08,organic,Germany
3047,2025-01-26,facebook_ads,Italy
3048,2025-01-24,facebook_ads,Spain
3049,2025-02-12,google_ads,France
3050,2025-02-16,email,Germany
3051,2025-01-02,facebook_ads,France
3052,2025-01-17,facebook_ads,Spain
3053,2025-01-30,organic,Italy
3054,2025-01-09,google_ads,Italy
3055,2025-02-27,google_ads,Germany
3056,2025-01-01,google_ads,Italy
3057,2025-01-11,google_ads,Germany
3058,2025-01-09,organic,Germany
3059,2025-02-19,email,Italy
3060,2025-02-18,organic,Germany
3061,2025-01-24,google_ads,Germany
3062,2025-02-08,google_ads,Italy
3063,2025-02-13,email,Germany
3064,2025-01-31,facebook_ads,Italy
3065,2025-02-18,organic,Spain
3066,2025-01-12,facebook_ads,France
3067,2025-01-22,organic,Germany
3068,2025-01-24,google_ads,Spain
3069,2025-01-11,google_ads,Germany
3070,2025-01-09,organic,Spain
3071,2025-02-16,organic,France
3072,2025-01-15,organic,Germany
3073,2025-01-24,organic,Spain
3074,2025-02-03,google_ads,Italy
3075,2025-01-17,facebook_ads,Italy
3076,2025-01-12,organic,Italy
3077,2025-01-16,organic,Spain
3078,2025-01-16,google_ads,Spain
3079,2025-01-21,google_ads,Italy
3080,2025-02-02,facebook_ads,Spain
3081,2025-02-15,google_ads,Italy
3082,2025-01-11,google_ads,France
3083,2025-01-10,facebook_ads,Spain
3084,2025-01-02,organic,Italy
3085,2025-02-26,google_ads,Germany
3086,2025-02-06,organic,Italy
3087,2025-02-13,email,France
3088,2025-02-01,facebook_ads,France
3089,2025-02-18,facebook_ads,Germany
3090,2025-01-23,facebook_ads,Spain
3091,2025-01-27,organic,Italy
3092,2025-02-07,facebook_ads,Germany
3093,2025-01-23,google_ads,France
3094,2025-01-07,organic,Italy
3095,2025-02-02,organic,Germany
3096,2025-01-02,email,Italy
3097,2025-02-23,facebook_ads,Germany
3098,2025-01-17,google_ads,Spain
3099,2025-01-14,organic,Germany
3100,2025-02-12,email,Germany
3101,2025-01-09,email,Germany
3102,2025-01-03,organic,France
3103,2025-02-23,google_ads,France
3104,2025-01-22,google_ads,Italy
3105,2025-02-24,google_ads,Germany
3106,2025-01-16,google_ads,Italy
3107,2025-01-01,organic,Germany
3108,2025-02-03,facebook_ads,Italy
3109,2025-02-15,organic,France
3110,2025-01-26,organic,Italy
3111,2025-01-07,google_ads,Italy
3112,2025-01-02,organic,Spain
3113,2025-02-06,google_ads,Italy
3114,2025-01-26,organic,Germany
3115,2025-01-28,google_ads,France
3116,2025-01-22,google_ads,Germany
3117,2025-01-21,organic,Spain
3118,2025-01-26,google_ads,Germany
3119,2025-02-22,organic,Italy
3120,2025-01-30,organic,Italy
3121,2025-02-02,google_ads,France
3122,2025-01-02,organic,Italy
3123,2025-01-19,facebook_ads,Italy
3124,2025-02-01,google_ads,Italy
3125,2025-02-17,google_ads,Italy
3126,2025-02-16,organic,Italy
3127,2025-02-23,google_ads,France
3128,2025-02-18,organic,Italy
3129,2025-01-06,google_ads,Spain
3130,2025-01-03,organic,France
3131,2025-02-07,organic,Italy
3132,2025-01-18,facebook_ads,Italy
3133,2025-01-22,google_ads,France
3134,2025-02-02,google_ads,Germany
3135,2025-02-27,organic,Italy
3136,2025-01-04,google_ads,France
3137,2025-02-27,google_ads,Germany
3138,2025-02-20,google_ads,Germany
3139,2025-02-25,google_ads,Italy
3140,2025-01-16,google_ads,France
3141,2025-02-14,google_ads,France
3142,2025-01-19,google_ads,France
3143,2025-03-01,email,Spain
3144,2025-02-05,google_ads,Germany
3145,2025-02-24,email,Germany
3146,2025-01-09,organic,France
3147,2025-01-10,google_ads,Italy
3148,2025-03-01,facebook_ads,Germany
3149,2025-02-12,email,Spain
3150,2025-01-03,email,Italy
3151,2025-02-01,organic,Spain
3152,2025-01-15,organic,Spain
3153,2025-02-04,google_ads,Spain
3154,2025-02-11,organic,France
3155,2025-01-07,organic,Germany
3156,2025-01-29,organic,France
3157,2025-02-11,google_ads,France
3158,2025-01-18,google_ads,Germany
3159,2025-02-10,organic,Italy
3160,2025-02-17,facebook_ads,Germany
3161,2025-02-23,organic,Italy
3162,2025-02-10,organic,Italy
3163,2025-01-21,google_ads,France
3164,2025-02-05,google_ads,Spain
3165,2025-01-26,email,France
3166,2025-01-24,organic,Italy
3167,2025-01-23,facebook_ads,Spain
3168,2025-01-19,organic,Italy
3169,2025-01-16,google_ads,Italy
3170,2025-01-06,organic,Germany
3171,2025-02-18,google_ads,Spain
3172,2025-01-06,facebook_ads,Italy
3173,2025-01-22,facebook_ads,France
3174,2025-02-21,organic,Italy
3175,2025-02-09,facebook_ads,Spain
3176,2025-01-21,organic,France
3177,2025-01-19,email,Spain
3178,2025-02-18,organic,Spain
3179,2025-01-03,organic,Italy
3180,2025-02-08,facebook_ads,Spain
3181,2025-01-22,facebook_ads,France
3182,2025-02-21,email,Italy
3183,2025-01-15,email,Spain
3184,2025-01-26,google_ads,Italy
3185,2025-01-14,organic,France
3186,2025-02-16,google_ads,Italy
3187,2025-01-08,email,Spain
3188,2025-01-22,facebook_ads,France
3189,2025-02-07,facebook_ads,Spain
3190,2025-01-22,google_ads,Spain
3191,2025-01-26,facebook_ads,Italy
3192,2025-02-13,google_ads,Italy
3193,2025-01-19,email,France
3194,2025-01-03,facebook_ads,Italy
3195,2025-03-01,facebook_ads,Spain
3196,2025-02-20,organic,Spain
3197,2025-01-15,facebook_ads,Italy
3198,2025-01-31,organic,Spain
3199,2025-02-12,facebook_ads,France
3200,2025-01-29,email,Spain
3201,2025-02-27,organic,Spain
3202,2025-03-01,organic,Italy
3203,2025-02-16,google_ads,Italy
3204,2025-01-17,organic,France
3205,2025-02-17,organic,Germany
3206,2025-02-26,organic,Italy
3207,2025-01-15,google_ads,France
3208,2025-01-06,google_ads,France
3209,2025-01-02,facebook_ads,France
3210,2025-02-13,email,Spain
3211,2025-02-18,google_ads,Spain
3212,2025-02-03,facebook_ads,France
3213,2025-01-22,organic,Italy
3214,2025-02-23,organic,Spain
3215,2025-02-06,organic,Spain
3216,2025-02-06,facebook_ads,France
3217,2025-02-16,facebook_ads,Germany
3218,2025-02-05,organic,Italy
3219,2025-02-05,organic,France
3220,2025-01-22,email,Germany
3221,2025-01-13,google_ads,Germany
3222,2025-01-06,organic,Spain
3223,2025-02-09,facebook_ads,Germany
3224,2025-01-05,google_ads,Germany
3225,2025-02-26,organic,Spain
3226,2025-02-19,organic,Germany
3227,2025-01-07,organic,Germany
3228,2025-01-24,organic,France
3229,2025-01-01,facebook_ads,Germany
3230,2025-01-30,email,France
3231,2025-02-18,facebook_ads,Germany
3232,2025-02-13,facebook_ads,Italy
3233,2025-02-21,facebook_ads,Spain
3234,2025-02-17,google_ads,Germany
3235,2025-01-18,email,France
3236,2025-01-28,organic,Spain
3237,2025-01-22,google_ads,Germany
3238,2025-02-05,facebook_ads,Italy
3239,2025-02-03,organic,Spain
3240,2025-02-05,email,Spain
3241,2025-02-08,facebook_ads,Spain
3242,2025-01-21,organic,Spain
3243,2025-01-13,organic,France
3244,2025-02-18,organic,Italy
3245,2025-01-11,organic,France
3246,2025-02-13,google_ads,Germany
3247,2025-01-07,facebook_ads,Italy
3248,2025-02-11,organic,Spain
3249,2025-01-17,email,France
3250,2025-02-28,facebook_ads,France
3251,2025-01-26,google_ads,Italy
3252,2025-01-01,google_ads,Germany
3253,2025-01-28,organic,Germany
3254,2025-01-20,facebook_ads,Italy
3255,2025-02-27,google_ads,Spain
3256,2025-02-10,facebook_ads,France
3257,2025-02-07,organic,Germany
3258,2025-01-16,google_ads,Spain
3259,2025-01-21,email,Italy
3260,2025-01-16,organic,Spain
3261,2025-01-30,email,Italy
3262,2025-01-12,facebook_ads,Spain
3263,2025-02-03,google_ads,Italy
3264,2025-02-05,organic,Germany
3265,2025-01-04,google_ads,France
3266,2025-01-31,organic,France
3267,2025-02-20,email,Spain
3268,2025-01-27,google_ads,Germany
3269,2025-01-26,email,Italy
3270,2025-02-20,organic,France
3271,2025-01-16,organic,France
3272,2025-02-11,organic,Germany
3273,2025-02-02,organic,Germany
3274,2025-01-21,organic,Italy
3275,2025-02-26,organic,Germany
3276,2025-01-25,facebook_ads,Germany
3277,2025-02-01,organic,Germany
3278,2025-02-14,google_ads,Germany
3279,2025-01-09,google_ads,Italy
3280,2025-02-16,email,Italy
3281,2025-01-04,email,Spain
3282,2025-01-14,organic,Germany
3283,2025-01-30,google_ads,Italy
3284,2025-01-16,google_ads,Spain
3285,2025-01-31,organic,Germany
3286,2025-01-08,facebook_ads,Italy
3287,2025-01-08,google_ads,France
3288,2025-01-16,organic,Italy
3289,2025-01-30,google_ads,Spain
3290,2025-01-26,google_ads,Spain
3291,2025-02-27,google_ads,France
3292,2025-01-18,google_ads,France
3293,2025-01-17,facebook_ads,Spain
3294,2025-01-30,organic,Germany
3295,2025-02-14,google_ads,Germany
3296,2025-03-01,google_ads,Italy
3297,2025-01-07,email,Spain
3298,2025-01-14,organic,France
3299,2025-02-23,facebook_ads,Spain
3300,2025-02-21,facebook_ads,Spain
3301,2025-02-08,google_ads,Germany
3302,2025-01-24,facebook_ads,Spain
3303,2025-01-29,facebook_ads,Italy
3304,2025-02-16,organic,France
3305,2025-01-12,facebook_ads,Italy
3306,2025-01-30,organic,Germany
3307,2025-02-10,google_ads,Germany
3308,2025-03-01,email,Spain
3309,2025-01-13,organic,Spain
3310,2025-01-17,facebook_ads,Italy
3311,2025-02-06,google_ads,Italy
3312,2025-01-31,google_ads,Italy
3313,2025-01-28,organic,France
3314,2025-02-19,email,Germany
3315,2025-01-20,google_ads,Italy
3316,2025-01-27,email,Italy
3317,2025-02-14,organic,France
3318,2025-02-06,google_ads,Italy
3319,2025-02-12,google_ads,France
3320,2025-02-17,google_ads,Italy
3321,2025-02-15,facebook_ads,Spain
3322,2025-02-14,organic,Italy
3323,2025-01-11,google_ads,Italy
3324,2025-02-08,google_ads,Germany
3325,2025-02-17,organic,Germany
3326,2025-02-02,organic,Germany
3327,2025-01-24,organic,Germany
3328,2025-01-05,organic,France
3329,2025-01-22,organic,Germany
3330,2025-02-13,google_ads,Spain
3331,2025-01-04,organic,France
3332,2025-01-18,google_ads,Spain
3333,2025-02-16,google_ads,Germany
3334,2025-01-01,facebook_ads,Italy
3335,2025-01-28,google_ads,France
3336,2025-01-13,google_ads,Spain
3337,2025-01-10,organic,Italy
3338,2025-02-26,google_ads,Germany
3339,2025-01-21,google_ads,Italy
3340,2025-01-16,organic,France
3341,2025-01-21,organic,Spain
3342,2025-02-09,google_ads,Spain
3343,2025-01-07,organic,Italy
3344,2025-02-25,email,Italy
3345,2025-01-27,facebook_ads,Italy
3346,2025-02-26,google_ads,France
3347,2025-02-03,google_ads,Spain
3348,2025-01-23,organic,France
3349,2025-01-02,facebook_ads,Spain
3350,2025-01-29,organic,Italy
3351,2025-01-06,organic,Italy
3352,2025-02-10,organic,Germany
3353,2025-01-31,facebook_ads,Germany
3354,2025-02-19,organic,Italy
3355,2025-02-13,facebook_ads,France
3356,2025-01-23,google_ads,France
3357,2025-02-07,organic,Germany
3358,2025-01-11,google_ads,Germany
3359,2025-02-11,email,Spain
3360,2025-01-05,organic,France
3361,2025-03-01,google_ads,Italy
3362,2025-01-09,facebook_ads,Germany
3363,2025-03-01,organic,Germany
3364,2025-01-28,organic,Spain
3365,2025-01-10,organic,Italy
3366,2025-01-16,organic,Germany
3367,2025-01-23,organic,France
3368,2025-02-22,google_ads,France
3369,2025-02-18,facebook_ads,Spain
3370,2025-01-11,google_ads,France
3371,2025-01-07,organic,Italy
3372,2025-02-22,google_ads,France
3373,2025-01-19,organic,Italy
3374,2025-01-12,google_ads,Germany
3375,2025-02-10,google_ads,France
3376,2025-02-12,organic,Italy
3377,2025-02-23,google_ads,Spain
3378,2025-01-05,organic,France
3379,2025-02-16,organic,Italy
3380,2025-02-12,google_ads,Italy
3381,2025-01-25,organic,France
3382,2025-02-20,organic,Germany
3383,2025-02-21,google_ads,Germany
3384,2025-01-16,email,Italy
3385,2025-03-01,organic,France
3386,2025-01-31,google_ads,Germany
3387,2025-01-11,organic,Italy
3388,2025-01-09,organic,France
3389,2025-02-19,organic,Spain
3390,2025-02-11,google_ads,Spain
3391,2025-01-05,organic,France
3392,2025-01-05,facebook_ads,France
3393,2025-02-23,google_ads,Italy
3394,2025-01-27,organic,France
3395,2025-02-20,organic,Germany
3396,2025-01-25,organic,Germany
3397,2025-01-26,organic,Italy
3398,2025-02-08,google_ads,France
3399,2025-02-23,facebook_ads,Italy
3400,2025-02-07,google_ads,France
3401,2025-01-30,organic,Spain
3402,2025-01-02,organic,Italy
3403,2025-02-07,organic,Spain
3404,2025-02-10,facebook_ads,Spain
3405,2025-01-16,google_ads,Spain
3406,2025-01-30,email,France
3407,2025-01-12,organic,Germany
3408,2025-02-24,organic,Spain
3409,2025-02-20,organic,Italy
3410,2025-01-20,organic,Italy
3411,2025-02-10,organic,Spain
3412,2025-02-06,facebook_ads,France
3413,2025-02-18,organic,Germany
3414,2025-01-22,google_ads,Italy
3415,2025-02-06,organic,Germany
3416,2025-02-08,facebook_ads,Italy
3417,2025-02-06,email,Germany
3418,2025-01-06,organic,France
3419,2025-01-23,organic,Italy
3420,2025-01-17,google_ads,France
3421,2025-01-20,email,Italy
3422,2025-02-22,google_ads,Spain
3423,2025-01-11,google_ads,Spain
3424,2025-01-01,facebook_ads,Spain
3425,2025-02-20,google_ads,Italy
3426,2025-01-01,email,Germany
3427,2025-01-23,email,Spain
3428,2025-02-25,google_ads,Spain
3429,2025-01-03,organic,France
3430,2025-01-28,organic,France
3431,2025-02-19,facebook_ads,Germany
3432,2025-01-25,google_ads,France
3433,2025-02-10,organic,Germany
3434,2025-02-05,google_ads,Italy
3435,2025-01-17,google_ads,France
3436,2025-02-07,facebook_ads,Spain
3437,2025-02-05,google_ads,Germany
3438,2025-01-25,organic,Germany
3439,2025-02-25,organic,Spain
3440,2025-02-07,facebook_ads,Germany
3441,2025-03-01,google_ads,France
3442,2025-02-20,facebook_ads,France
3443,2025-02-09,facebook_ads,Italy
3444,2025-01-02,google_ads,France
3445,2025-01-21,google_ads,Germany
3446,2025-02-26,facebook_ads,France
3447,2025-01-26,organic,Spain
3448,2025-01-25,google_ads,Germany
3449,2025-01-05,facebook_ads,Italy
3450,2025-01-15,organic,Italy
3451,2025-01-25,google_ads,France
3452,2025-01-28,organic,Spain
3453,2025-02-07,google_ads,France
3454,2025-02-27,organic,Spain
3455,2025-02-10,organic,France
3456,2025-02-09,facebook_ads,France
3457,2025-02-15,google_ads,Germany
3458,2025-01-08,google_ads,Italy
3459,2025-01-28,facebook_ads,Germany
3460,2025-02-27,organic,Italy
3461,2025-01-16,google_ads,France
3462,2025-01-07,organic,Germany
3463,2025-01-01,google_ads,Spain
3464,2025-02-24,email,Spain
3465,2025-02-14,google_ads,France
3466,2025-02-07,google_ads,Italy
3467,2025-01-26,facebook_ads,France
3468,2025-02-25,organic,France
3469,2025-01-16,facebook_ads,Italy
3470,2025-03-01,organic,Spain
3471,2025-02-13,facebook_ads,Italy
3472,2025-02-23,facebook_ads,France
3473,2025-01-02,google_ads,Germany
3474,2025-01-07,facebook_ads,Germany
3475,2025-02-24,organic,France
3476,2025-01-08,facebook_ads,Italy
3477,2025-02-16,organic,France
3478,2025-01-05,google_ads,France
3479,2025-02-17,organic,France
3480,2025-01-02,facebook_ads,Germany
3481,2025-02-15,email,Spain
3482,2025-01-22,google_ads,Germany
3483,2025-02-14,organic,Spain
3484,2025-01-12,organic,Germany
3485,2025-02-12,facebook_ads,Italy
3486,2025-01-16,facebook_ads,Spain
3487,2025-01-13,organic,France
3488,2025-02-09,google_ads,France
3489,2025-01-30,organic,Italy
3490,2025-02-03,organic,Germany
3491,2025-01-20,email,Italy
3492,2025-01-20,email,Spain
3493,2025-01-20,organic,Spain
3494,2025-01-04,email,Spain
3495,2025-03-01,email,Spain
3496,2025-01-02,facebook_ads,Italy
3497,2025-01-06,organic,Italy
3498,2025-02-25,organic,Italy
3499,2025-02-27,facebook_ads,France
